Date,Open,High,Low,Close,Adj Close,Volume
2015-02-20,23.115000,23.115000,23.115000,22.965000,22.965000,50
2015-02-23,null,null,null,null,null,null
2015-02-24,23.200001,23.200001,23.200001,23.230000,23.230000,194
2015-02-25,23.215000,23.225000,23.215000,23.080000,23.080000,450
2015-02-26,23.455000,23.455000,23.455000,23.420000,23.420000,9
2015-02-27,23.424999,23.424999,23.424999,23.405001,23.405001,8
2015-03-02,23.799999,23.799999,23.385000,23.405001,23.405001,1464
2015-03-03,23.450001,23.450001,23.450001,23.295000,23.295000,321
2015-03-04,23.389999,23.389999,23.379999,23.420000,23.420000,1020
2015-03-05,null,null,null,null,null,null
2015-03-06,23.820000,23.900000,23.820000,23.799999,23.799999,700
2015-03-09,23.780001,23.780001,23.780001,23.719999,23.719999,250
2015-03-10,null,null,null,null,null,null
2015-03-11,24.055000,24.055000,24.055000,23.975000,23.975000,500
2015-03-12,24.184999,24.184999,24.184999,24.084999,24.084999,104
2015-03-13,24.225000,24.225000,24.180000,24.110001,24.110001,410
2015-03-16,24.365000,24.370001,24.365000,24.334999,24.334999,262
2015-03-17,24.250000,24.250000,24.225000,24.195000,24.195000,600
2015-03-18,null,null,null,null,null,null
2015-03-19,24.389999,24.389999,24.389999,24.275000,24.275000,206
2015-03-20,null,null,null,null,null,null
2015-03-23,24.260000,24.260000,24.260000,24.145000,24.145000,100
2015-03-24,24.135000,24.135000,24.135000,24.160000,24.160000,124
2015-03-25,24.000000,24.000000,23.910000,23.850000,23.850000,111
2015-03-26,null,null,null,null,null,null
2015-03-27,23.990000,23.990000,23.920000,23.775000,23.775000,2553
2015-03-30,null,null,null,null,null,null
2015-03-31,null,null,null,null,null,null
2015-04-01,23.980000,24.165001,23.980000,24.010000,24.010000,50
2015-04-02,24.030001,24.030001,24.025000,23.934999,23.934999,211
2015-04-07,24.340000,24.340000,24.200001,24.290001,24.290001,672
2015-04-08,24.260000,24.260000,24.260000,24.379999,24.379999,15
2015-04-09,24.350000,24.680000,24.334999,24.605000,24.605000,141
2015-04-10,24.980000,24.980000,24.980000,24.879999,24.879999,160
2015-04-13,25.040001,25.040001,25.040001,25.020000,25.020000,777
2015-04-14,25.170000,25.170000,25.170000,24.825001,24.825001,20
2015-04-15,25.080000,25.200001,25.080000,25.180000,25.180000,206
2015-04-16,25.135000,25.135000,25.135000,24.920000,24.920000,720
2015-04-17,24.670000,24.670000,24.480000,24.570000,24.570000,657
2015-04-20,24.830000,24.830000,24.830000,24.840000,24.840000,603
2015-04-21,null,null,null,null,null,null
2015-04-22,24.830000,24.905001,24.809999,24.870001,24.870001,10571
2015-04-23,null,null,null,null,null,null
2015-04-24,null,null,null,null,null,null
2015-04-27,null,null,null,null,null,null
2015-04-28,24.730000,24.730000,24.650000,24.540001,24.540001,500
2015-04-29,null,null,null,null,null,null
2015-04-30,24.025000,24.025000,24.025000,23.834999,23.834999,400
2015-05-04,null,null,null,null,null,null
2015-05-05,24.059999,24.059999,24.000000,23.780001,23.780001,26
2015-05-06,23.500000,23.500000,23.500000,23.405001,23.405001,20
2015-05-07,23.400000,23.465000,23.400000,23.535000,23.535000,59
2015-05-08,null,null,null,null,null,null
2015-05-11,null,null,null,null,null,null
2015-05-12,null,null,null,null,null,null
2015-05-13,null,null,null,null,null,null
2015-05-14,null,null,null,null,null,null
2015-05-15,23.900000,24.125000,23.895000,23.795000,23.795000,1076
2015-05-18,null,null,null,null,null,null
2015-05-19,null,null,null,null,null,null
2015-05-20,24.600000,24.625000,24.405001,24.559999,24.559999,2240
2015-05-21,null,null,null,null,null,null
2015-05-22,24.510000,24.510000,24.510000,24.775000,24.775000,1000
2015-05-25,null,null,null,null,null,null
2015-05-26,24.900000,24.900000,24.900000,24.665001,24.665001,90
2015-05-27,24.879999,24.879999,24.879999,24.924999,24.924999,2000
2015-05-28,null,null,null,null,null,null
2015-05-29,24.549999,24.549999,24.549999,24.540001,24.540001,990
2015-06-01,null,null,null,null,null,null
2015-06-02,null,null,null,null,null,null
2015-06-03,null,null,null,null,null,null
2015-06-04,null,null,null,null,null,null
2015-06-05,null,null,null,null,null,null
2015-06-08,null,null,null,null,null,null
2015-06-09,23.740000,23.740000,23.740000,23.540001,23.540001,63
2015-06-10,23.740000,23.740000,23.740000,23.855000,23.855000,38
2015-06-11,24.100000,24.100000,24.100000,24.035000,24.035000,415
2015-06-12,24.040001,24.040001,24.040001,23.879999,23.879999,8
2015-06-15,23.865000,23.865000,23.865000,23.719999,23.719999,12
2015-06-16,null,null,null,null,null,null
2015-06-17,null,null,null,null,null,null
2015-06-18,null,null,null,null,null,null
2015-06-19,null,null,null,null,null,null
2015-06-22,23.924999,23.924999,23.924999,23.934999,23.934999,41
2015-06-23,null,null,null,null,null,null
2015-06-24,24.365000,24.365000,24.365000,24.254999,24.254999,600
2015-06-25,24.275000,24.275000,24.275000,24.219999,24.219999,400
2015-06-26,null,null,null,null,null,null
2015-06-29,23.770000,23.770000,23.770000,23.700001,23.700001,20
2015-06-30,23.580000,23.580000,23.580000,23.670000,23.670000,200
2015-07-01,23.850000,23.850000,23.850000,23.809999,23.809999,250
2015-07-02,null,null,null,null,null,null
2015-07-03,null,null,null,null,null,null
2015-07-06,null,null,null,null,null,null
2015-07-07,23.719999,23.719999,23.719999,23.320000,23.320000,130
2015-07-08,null,null,null,null,null,null
2015-07-09,null,null,null,null,null,null
2015-07-10,null,null,null,null,null,null
2015-07-13,null,null,null,null,null,null
2015-07-14,23.715000,23.715000,23.715000,24.000000,24.000000,400
2015-07-15,null,null,null,null,null,null
2015-07-16,24.510000,24.510000,24.510000,24.405001,24.405001,150
2015-07-17,24.530001,24.530001,24.530001,24.420000,24.420000,40
2015-07-20,24.600000,24.600000,24.600000,24.455000,24.455000,40
2015-07-21,24.475000,24.475000,24.299999,24.184999,24.184999,865
2015-07-22,24.230000,24.230000,24.230000,24.180000,24.180000,100
2015-07-23,null,null,null,null,null,null
2015-07-24,24.059999,24.059999,23.760000,23.790001,23.790001,1270
2015-07-27,23.485001,23.485001,23.485001,23.320000,23.320000,1050
2015-07-28,null,null,null,null,null,null
2015-07-29,null,null,null,null,null,null
2015-07-30,null,null,null,null,null,null
2015-07-31,null,null,null,null,null,null
2015-08-03,23.965000,23.965000,23.965000,24.025000,24.025000,41
2015-08-04,null,null,null,null,null,null
2015-08-05,24.270000,24.500000,24.270000,24.334999,24.334999,750
2015-08-06,24.295000,24.309999,24.295000,24.145000,24.145000,485
2015-08-07,24.090000,24.090000,24.090000,23.985001,23.985001,350
2015-08-10,null,null,null,null,null,null
2015-08-11,23.805000,23.805000,23.805000,23.700001,23.700001,100
2015-08-12,null,null,null,null,null,null
2015-08-13,23.545000,23.545000,23.545000,23.395000,23.395000,9
2015-08-14,23.350000,23.350000,23.350000,23.400000,23.400000,9
2015-08-17,23.385000,23.385000,23.385000,23.525000,23.525000,100
2015-08-18,null,null,null,null,null,null
2015-08-19,23.360001,23.360001,23.360001,23.160000,23.160000,50
2015-08-20,22.665001,22.665001,22.645000,22.590000,22.590000,1100
2015-08-21,22.205000,22.205000,22.000000,21.825001,21.825001,1500
2015-08-24,20.469999,20.469999,20.385000,20.219999,20.219999,565
2015-08-25,20.809999,21.129999,20.809999,21.200001,21.200001,267
2015-08-26,null,null,null,null,null,null
2015-08-27,null,null,null,null,null,null
2015-08-28,null,null,null,null,null,null
2015-08-31,21.834999,21.834999,21.834999,21.840000,21.840000,45
2015-09-01,null,null,null,null,null,null
2015-09-02,null,null,null,null,null,null
2015-09-03,21.555000,21.555000,21.555000,21.860001,21.860001,7
2015-09-04,null,null,null,null,null,null
2015-09-07,21.500000,21.500000,21.500000,21.309999,21.309999,10
2015-09-08,21.709999,21.709999,21.709999,21.575001,21.575001,1000
2015-09-09,21.870001,21.870001,21.870001,21.875000,21.875000,210
2015-09-10,null,null,null,null,null,null
2015-09-11,null,null,null,null,null,null
2015-09-14,21.415001,21.415001,21.415001,21.295000,21.295000,145
2015-09-15,null,null,null,null,null,null
2015-09-16,null,null,null,null,null,null
2015-09-17,21.660000,21.660000,21.660000,21.709999,21.709999,700
2015-09-18,null,null,null,null,null,null
2015-09-21,null,null,null,null,null,null
2015-09-22,null,null,null,null,null,null
2015-09-23,null,null,null,null,null,null
2015-09-24,null,null,null,null,null,null
2015-09-25,null,null,null,null,null,null
2015-09-28,20.705000,20.705000,20.705000,20.504999,20.504999,200
2015-09-29,null,null,null,null,null,null
2015-09-30,null,null,null,null,null,null
2015-10-01,null,null,null,null,null,null
2015-10-02,null,null,null,null,null,null
2015-10-05,null,null,null,null,null,null
2015-10-06,null,null,null,null,null,null
2015-10-07,null,null,null,null,null,null
2015-10-08,21.570000,21.570000,21.570000,21.834999,21.834999,74
2015-10-09,22.000000,22.000000,22.000000,21.924999,21.924999,91
2015-10-12,22.014999,22.014999,22.014999,21.945000,21.945000,14
2015-10-13,null,null,null,null,null,null
2015-10-14,21.620001,21.620001,21.620001,21.520000,21.520000,139
2015-10-15,null,null,null,null,null,null
2015-10-16,null,null,null,null,null,null
2015-10-19,null,null,null,null,null,null
2015-10-20,null,null,null,null,null,null
2015-10-21,21.865000,21.865000,21.865000,22.055000,22.055000,250
2015-10-22,21.995001,21.995001,21.995001,22.540001,22.540001,91
2015-10-23,22.730000,22.730000,22.730000,22.980000,22.980000,100
2015-10-26,null,null,null,null,null,null
2015-10-27,null,null,null,null,null,null
2015-10-28,22.895000,22.895000,22.895000,22.865000,22.865000,100
2015-10-29,null,null,null,null,null,null
2015-10-30,22.809999,22.809999,22.809999,22.740000,22.740000,230
2015-11-02,22.770000,22.770000,22.770000,22.809999,22.809999,85
2015-11-03,22.780001,22.780001,22.780001,22.975000,22.975000,150
2015-11-04,23.230000,23.230000,23.230000,23.139999,23.139999,200
2015-11-05,23.174999,23.174999,23.174999,23.035000,23.035000,1
2015-11-06,null,null,null,null,null,null
2015-11-09,null,null,null,null,null,null
2015-11-10,null,null,null,null,null,null
2015-11-11,23.350000,23.350000,23.350000,23.184999,23.184999,200
2015-11-12,null,null,null,null,null,null
2015-11-13,null,null,null,null,null,null
2015-11-16,null,null,null,null,null,null
2015-11-17,null,null,null,null,null,null
2015-11-18,null,null,null,null,null,null
2015-11-19,null,null,null,null,null,null
2015-11-20,null,null,null,null,null,null
2015-11-23,null,null,null,null,null,null
2015-11-24,null,null,null,null,null,null
2015-11-25,null,null,null,null,null,null
2015-11-26,null,null,null,null,null,null
2015-11-27,null,null,null,null,null,null
2015-11-30,null,null,null,null,null,null
2015-12-01,23.525000,23.525000,23.525000,23.430000,23.430000,200
2015-12-02,null,null,null,null,null,null
2015-12-03,null,null,null,null,null,null
2015-12-04,null,null,null,null,null,null
2015-12-07,null,null,null,null,null,null
2015-12-08,22.309999,22.309999,22.309999,22.264999,22.264999,100
2015-12-09,22.290001,22.290001,22.290001,22.129999,22.129999,297
2015-12-10,null,null,null,null,null,null
2015-12-11,21.719999,21.719999,21.719999,21.674999,21.674999,100
2015-12-14,21.690001,21.690001,21.570000,21.305000,21.305000,114
2015-12-15,null,null,null,null,null,null
2015-12-16,null,null,null,null,null,null
2015-12-17,null,null,null,null,null,null
2015-12-18,null,null,null,null,null,null
2015-12-21,null,null,null,null,null,null
2015-12-22,null,null,null,null,null,null
2015-12-23,null,null,null,null,null,null
2015-12-28,22.480000,22.480000,22.480000,22.160000,22.160000,26
2015-12-29,null,null,null,null,null,null
2015-12-30,22.469999,22.525000,22.469999,22.430000,22.430000,37
2015-12-31,null,null,null,null,null,null
2016-01-04,21.850000,21.870001,21.850000,21.855000,21.855000,238
2016-01-05,22.105000,22.105000,22.105000,22.170000,22.170000,100
2016-01-06,null,null,null,null,null,null
2016-01-07,21.360001,21.360001,21.360001,21.285000,21.285000,50
2016-01-08,20.879999,20.879999,20.879999,20.825001,20.825001,250
2016-01-11,20.889999,20.889999,20.889999,20.730000,20.730000,135
2016-01-12,20.700001,20.700001,20.700001,20.844999,20.844999,90
2016-01-13,21.195000,21.195000,21.195000,20.905001,20.905001,28
2016-01-14,null,null,null,null,null,null
2016-01-15,20.250000,20.250000,20.049999,19.950001,19.950001,4116
2016-01-18,20.004999,20.055000,20.004999,20.000000,20.000000,909
2016-01-19,20.360001,20.500000,20.340000,20.139999,20.139999,2357
2016-01-20,19.365000,19.365000,19.365000,19.320000,19.320000,500
2016-01-21,null,null,null,null,null,null
2016-01-22,20.235001,20.434999,20.235001,20.305000,20.305000,1006
2016-01-25,20.680000,20.680000,20.139999,20.080000,20.080000,2672
2016-01-26,null,null,null,null,null,null
2016-01-27,20.195000,20.195000,20.195000,20.290001,20.290001,3142
2016-01-28,20.145000,20.200001,20.145000,19.980000,19.980000,1288
2016-01-29,20.355000,20.355000,20.355000,20.434999,20.434999,49
2016-02-01,20.450001,20.450001,20.395000,20.430000,20.430000,1651
2016-02-02,20.500000,20.500000,19.980000,20.004999,20.004999,38747
2016-02-03,19.700001,19.700001,19.700001,19.420000,19.420000,240
2016-02-04,null,null,null,null,null,null
2016-02-05,null,null,null,null,null,null
2016-02-08,null,null,null,null,null,null
2016-02-09,null,null,null,null,null,null
2016-02-10,null,null,null,null,null,null
2016-02-11,null,null,null,null,null,null
2016-02-12,null,null,null,null,null,null
2016-02-15,null,null,null,null,null,null
2016-02-16,19.440001,19.440001,19.440001,19.219999,19.219999,30
2016-02-17,null,null,null,null,null,null
2016-02-18,19.825001,19.825001,19.809999,19.730000,19.730000,2065
2016-02-19,20.000000,20.000000,20.000000,19.549999,19.549999,78
2016-02-22,null,null,null,null,null,null
2016-02-23,null,null,null,null,null,null
2016-02-24,19.870001,19.870001,19.639999,19.395000,19.395000,1500
2016-02-25,19.825001,19.825001,19.825001,19.825001,19.825001,100
2016-02-26,null,null,null,null,null,null
2016-02-29,20.014999,20.014999,20.014999,20.285000,20.285000,4
2016-03-01,20.475000,20.540001,20.469999,20.615000,20.615000,69
2016-03-02,20.750000,20.750000,20.750000,20.855000,20.855000,1150
2016-03-03,20.910000,20.910000,20.910000,20.820000,20.820000,292
2016-03-04,21.025000,21.025000,20.950001,21.065001,21.065001,9613
2016-03-07,null,null,null,null,null,null
2016-03-08,20.860001,20.860001,20.860001,20.690001,20.690001,96
2016-03-09,20.895000,20.895000,20.895000,20.825001,20.825001,3016
2016-03-10,21.004999,21.004999,20.900000,20.415001,20.415001,1033
2016-03-11,20.850000,20.850000,20.850000,20.955000,20.955000,72
2016-03-14,null,null,null,null,null,null
2016-03-15,20.975000,20.975000,20.975000,20.799999,20.799999,38
2016-03-16,null,null,null,null,null,null
2016-03-17,20.820000,20.820000,20.820000,20.674999,20.674999,85
2016-03-18,20.754999,20.754999,20.754999,20.879999,20.879999,119
2016-03-21,20.879999,20.900000,20.879999,20.850000,20.850000,410
2016-03-22,20.920000,20.920000,20.920000,20.980000,20.980000,28
2016-03-23,null,null,null,null,null,null
2016-03-24,20.735001,20.735001,20.735001,20.520000,20.520000,120
2016-03-29,20.740000,20.990000,20.740000,20.610001,20.610001,595
2016-03-30,20.820000,20.825001,20.820000,20.740000,20.740000,44
2016-03-31,null,null,null,null,null,null
2016-04-01,20.150000,20.305000,20.150000,20.254999,20.254999,110
2016-04-04,20.629999,20.629999,20.240000,20.245001,20.245001,1102
2016-04-05,20.000000,20.000000,20.000000,19.915001,19.915001,35
2016-04-06,null,null,null,null,null,null
2016-04-07,20.070000,20.070000,19.900000,19.875000,19.875000,7
2016-04-08,20.190001,20.190001,20.190001,20.129999,20.129999,3
2016-04-11,null,null,null,null,null,null
2016-04-12,null,null,null,null,null,null
2016-04-13,21.139999,21.139999,21.139999,21.139999,21.139999,281
2016-04-14,21.059999,21.059999,21.059999,21.160000,21.160000,1150
2016-04-15,null,null,null,null,null,null
2016-04-18,null,null,null,null,null,null
2016-04-19,21.200001,21.200001,21.200001,21.320000,21.320000,1250
2016-04-20,21.334999,21.334999,21.334999,21.570000,21.570000,235
2016-04-21,21.750000,21.825001,21.750000,21.655001,21.655001,991
2016-04-22,null,null,null,null,null,null
2016-04-25,21.549999,21.549999,21.549999,21.535000,21.535000,65
2016-04-26,21.500000,21.500000,21.500000,21.504999,21.504999,85
2016-04-27,21.924999,21.924999,21.924999,21.924999,21.924999,273
2016-04-28,21.200001,21.330000,21.200001,21.490000,21.490000,117
2016-04-29,21.150000,21.360001,21.150000,20.799999,20.799999,935
2016-05-02,20.915001,20.915001,20.799999,20.764999,20.764999,2305
2016-05-03,20.815001,20.815001,20.815001,20.469999,20.469999,10
2016-05-04,null,null,null,null,null,null
2016-05-05,20.459999,20.459999,20.459999,20.445000,20.445000,108
2016-05-06,null,null,null,null,null,null
2016-05-09,null,null,null,null,null,null
2016-05-10,null,null,null,null,null,null
2016-05-11,20.500000,20.500000,20.500000,20.530001,20.530001,2000
2016-05-12,20.459999,20.459999,20.459999,20.485001,20.485001,1222
2016-05-13,20.570000,20.570000,20.570000,20.600000,20.600000,491
2016-05-16,20.600000,20.600000,20.415001,20.549999,20.549999,550
2016-05-17,null,null,null,null,null,null
2016-05-18,20.420000,20.420000,20.420000,20.719999,20.719999,2000
2016-05-19,20.665001,20.665001,20.665001,20.594999,20.594999,21
2016-05-20,null,null,null,null,null,null
2016-05-23,20.965000,20.965000,20.965000,20.855000,20.855000,54
2016-05-24,null,null,null,null,null,null
2016-05-25,21.375000,21.375000,21.375000,21.405001,21.405001,120
2016-05-26,null,null,null,null,null,null
2016-05-27,null,null,null,null,null,null
2016-05-30,22.014999,22.014999,22.014999,21.584999,21.584999,20
2016-05-31,21.850000,21.850000,21.700001,21.580000,21.580000,100
2016-06-01,21.450001,21.450001,21.450001,21.400000,21.400000,5
2016-06-02,21.465000,21.465000,21.465000,21.424999,21.424999,10
2016-06-03,21.299999,21.299999,21.299999,21.040001,21.040001,550
2016-06-06,null,null,null,null,null,null
2016-06-07,21.400000,21.510000,21.400000,21.430000,21.430000,57
2016-06-08,21.455000,21.455000,21.340000,21.325001,21.325001,2586
2016-06-09,21.400000,21.400000,21.200001,21.225000,21.225000,902
2016-06-10,21.000000,21.000000,21.000000,20.959999,20.959999,50
2016-06-13,null,null,null,null,null,null
2016-06-14,20.889999,20.889999,20.584999,20.430000,20.430000,570
2016-06-15,null,null,null,null,null,null
2016-06-16,20.530001,20.530001,20.530001,20.500000,20.500000,200
2016-06-17,null,null,null,null,null,null
2016-06-20,null,null,null,null,null,null
2016-06-21,21.129999,21.129999,21.129999,21.135000,21.135000,30
2016-06-22,21.139999,21.139999,21.139999,21.195000,21.195000,8
2016-06-23,null,null,null,null,null,null
2016-06-24,20.905001,20.905001,20.905001,20.639999,20.639999,70
2016-06-27,null,null,null,null,null,null
2016-06-28,20.165001,20.165001,20.165001,20.155001,20.155001,57
2016-06-29,null,null,null,null,null,null
2016-06-30,null,null,null,null,null,null
2016-07-01,null,null,null,null,null,null
2016-07-04,null,null,null,null,null,null
2016-07-05,null,null,null,null,null,null
2016-07-06,20.705000,20.705000,20.525000,20.504999,20.504999,250
2016-07-07,null,null,null,null,null,null
2016-07-08,null,null,null,null,null,null
2016-07-11,21.275000,21.275000,21.275000,21.379999,21.379999,200
2016-07-12,21.500000,21.690001,21.490000,21.690001,21.690001,2558
2016-07-13,21.670000,21.670000,21.670000,21.580000,21.580000,40
2016-07-14,21.760000,21.760000,21.760000,21.775000,21.775000,925
2016-07-15,null,null,null,null,null,null
2016-07-18,21.584999,21.584999,21.584999,21.855000,21.855000,194
2016-07-19,21.830000,21.830000,21.830000,21.830000,21.830000,93
2016-07-20,null,null,null,null,null,null
2016-07-21,21.950001,21.985001,21.950001,21.985001,21.985001,304
2016-07-22,21.920000,21.920000,21.920000,22.010000,22.010000,10
2016-07-25,22.084999,22.084999,22.000000,21.980000,21.980000,80
2016-07-26,21.950001,21.985001,21.950001,21.959999,21.959999,250
2016-07-27,21.930000,22.080000,21.930000,21.995001,21.995001,516
2016-07-28,null,null,null,null,null,null
2016-07-29,null,null,null,null,null,null
2016-08-01,21.940001,21.940001,21.900000,21.735001,21.735001,195
2016-08-02,21.400000,21.400000,21.400000,21.290001,21.290001,85
2016-08-03,21.344999,21.350000,21.344999,21.395000,21.395000,345
2016-08-04,null,null,null,null,null,null
2016-08-05,21.905001,21.905001,21.905001,22.000000,22.000000,9
2016-08-08,22.150000,22.170000,22.100000,22.115000,22.115000,444
2016-08-09,22.100000,22.100000,22.100000,22.240000,22.240000,2004
2016-08-10,22.055000,22.155001,22.055000,22.070000,22.070000,109
2016-08-11,null,null,null,null,null,null
2016-08-12,null,null,null,null,null,null
2016-08-16,21.920000,21.940001,21.670000,21.980000,21.980000,1980
2016-08-17,null,null,null,null,null,null
2016-08-18,21.924999,21.924999,21.924999,21.934999,21.934999,1050
2016-08-19,null,null,null,null,null,null
2016-08-22,null,null,null,null,null,null
2016-08-23,null,null,null,null,null,null
2016-08-24,null,null,null,null,null,null
2016-08-25,21.950001,21.950001,21.950001,22.004999,22.004999,410
2016-08-26,null,null,null,null,null,null
2016-08-29,null,null,null,null,null,null
2016-08-30,22.299999,22.299999,22.299999,22.299999,22.299999,10267
2016-08-31,22.299999,22.299999,22.299999,22.235001,22.235001,35
2016-09-01,22.235001,22.235001,22.235001,22.215000,22.215000,60
2016-09-02,22.355000,22.600000,22.355000,22.565001,22.565001,9165
2016-09-05,22.584999,22.584999,22.510000,22.559999,22.559999,106
2016-09-06,22.625000,22.625000,22.625000,22.424999,22.424999,188
2016-09-07,22.584999,22.584999,22.584999,22.540001,22.540001,200
2016-09-08,22.500000,22.500000,22.385000,22.485001,22.485001,8031
2016-09-09,22.480000,22.500000,22.320000,22.344999,22.344999,495
2016-09-12,22.000000,22.000000,21.900000,22.120001,22.120001,403
2016-09-13,22.160000,22.160000,22.100000,21.889999,21.889999,2492
2016-09-14,21.865000,21.865000,21.809999,21.830000,21.830000,83
2016-09-15,21.750000,21.750000,21.750000,21.955000,21.955000,50
2016-09-16,21.924999,21.924999,21.924999,21.915001,21.915001,42
2016-09-19,22.174999,22.200001,22.174999,22.070000,22.070000,4497
2016-09-20,null,null,null,null,null,null
2016-09-21,22.309999,22.309999,22.309999,22.350000,22.350000,9
2016-09-22,22.645000,22.645000,22.540001,22.535000,22.535000,659
2016-09-23,null,null,null,null,null,null
2016-09-26,22.270000,22.270000,22.070000,22.040001,22.040001,10272
2016-09-27,22.129999,22.215000,22.129999,22.150000,22.150000,10286
2016-09-28,null,null,null,null,null,null
2016-09-29,null,null,null,null,null,null
2016-09-30,null,null,null,null,null,null
2016-10-03,22.215000,22.295000,22.170000,22.215000,22.215000,196
2016-10-04,22.400000,22.400000,22.400000,22.440001,22.440001,25
2016-10-05,22.330000,22.330000,22.330000,22.450001,22.450001,356
2016-10-06,22.504999,22.504999,22.504999,22.420000,22.420000,763
2016-10-07,22.504999,22.504999,22.400000,22.350000,22.350000,830
2016-10-10,null,null,null,null,null,null
2016-10-11,22.825001,22.825001,22.375000,22.430000,22.430000,161
2016-10-12,null,null,null,null,null,null
2016-10-13,22.254999,22.254999,22.105000,22.184999,22.184999,1530
2016-10-14,22.555000,22.555000,22.555000,22.480000,22.480000,405
2016-10-17,22.350000,22.410000,22.350000,22.344999,22.344999,493
2016-10-18,22.520000,22.625000,22.520000,22.584999,22.584999,199
2016-10-19,null,null,null,null,null,null
2016-10-20,null,null,null,null,null,null
2016-10-21,22.825001,22.825001,22.730000,22.889999,22.889999,9736
2016-10-24,23.025000,23.040001,23.025000,23.040001,23.040001,2390
2016-10-25,null,null,null,null,null,null
2016-10-26,22.820000,22.820000,22.820000,22.930000,22.930000,618
2016-10-27,22.870001,22.870001,22.870001,22.934999,22.934999,150
2016-10-28,22.834999,22.945000,22.834999,22.920000,22.920000,377
2016-10-31,22.900000,22.900000,22.900000,22.834999,22.834999,10
2016-11-01,null,null,null,null,null,null
2016-11-02,22.375000,22.375000,22.375000,22.344999,22.344999,4
2016-11-03,22.389999,22.450001,22.389999,22.375000,22.375000,2139
2016-11-04,22.174999,22.174999,22.174999,22.200001,22.200001,585
2016-11-07,null,null,null,null,null,null
2016-11-08,null,null,null,null,null,null
2016-11-09,22.150000,22.680000,22.150000,22.940001,22.940001,952
2016-11-10,23.209999,23.209999,23.209999,23.270000,23.270000,402
2016-11-11,23.290001,23.330000,23.290001,23.245001,23.245001,740
2016-11-14,23.600000,23.655001,23.490000,23.674999,23.674999,243
2016-11-15,null,null,null,null,null,null
2016-11-16,23.900000,23.900000,23.900000,23.900000,23.900000,4313
2016-11-17,23.780001,24.395000,23.780001,24.395000,24.395000,10590
2016-11-18,23.879999,24.400000,23.834999,24.400000,24.400000,5016
2016-11-21,23.940001,24.004999,23.940001,24.004999,24.004999,2146
2016-11-22,24.110001,24.545000,24.084999,24.545000,24.545000,10626
2016-11-23,24.000000,24.110001,23.990000,24.110001,24.110001,1730
2016-11-24,24.195000,24.225000,24.195000,24.225000,24.225000,9182
2016-11-25,24.105000,24.184999,24.094999,24.184999,24.184999,5208
2016-11-28,24.025000,24.145000,23.990000,24.145000,24.145000,11764
2016-11-29,24.110001,24.160000,24.025000,24.160000,24.160000,8444
2016-11-30,24.075001,24.610001,24.059999,24.610001,24.610001,3924
2016-12-01,24.160000,24.610001,24.090000,24.610001,24.610001,14425
2016-12-02,24.010000,24.120001,23.915001,24.094999,24.094999,3726
2016-12-05,24.180000,24.180000,23.924999,24.129999,24.129999,4079
2016-12-06,24.084999,24.275000,24.084999,24.275000,24.275000,2461
2016-12-07,24.400000,24.514999,24.305000,24.514999,24.514999,9374
2016-12-08,25.030001,25.030001,25.030001,25.025000,25.025000,180
2016-12-09,24.985001,25.309999,24.985001,25.184999,25.184999,9796
2016-12-12,25.295000,25.295000,25.065001,25.094999,25.094999,10119
2016-12-13,25.055000,25.139999,25.055000,25.129999,25.129999,19898
2016-12-14,25.174999,25.174999,25.045000,25.049999,25.049999,11309
2016-12-15,25.190001,25.500000,25.160000,25.500000,25.500000,7611
2016-12-16,25.299999,25.370001,25.299999,25.355000,25.355000,8576
2016-12-19,25.344999,25.379999,25.305000,25.355000,25.355000,9134
2016-12-20,25.350000,25.540001,25.350000,25.540001,25.540001,8102
2016-12-21,25.285000,25.465000,25.260000,25.375000,25.375000,27057
2016-12-22,25.355000,25.365000,25.139999,25.285000,25.285000,8985
2016-12-23,25.370001,25.530001,25.184999,25.290001,25.290001,14695
2016-12-27,25.245001,25.315001,25.150000,25.235001,25.235001,4866
2016-12-28,25.500000,25.500000,25.320000,25.340000,25.340000,9464
2016-12-29,25.105000,25.115000,24.969999,24.945000,24.945000,3439
2016-12-30,25.040001,25.040001,24.830000,24.900000,24.900000,16206
2017-01-02,24.900000,25.160000,24.900000,25.110001,25.110001,12794
2017-01-03,25.110001,25.450001,25.035000,25.334999,25.334999,12026
2017-01-04,25.555000,25.600000,25.510000,25.525000,25.525000,645
2017-01-05,25.549999,25.610001,25.260000,25.350000,25.350000,9699
2017-01-06,25.264999,25.264999,25.264999,25.340000,25.340000,11
2017-01-09,25.650000,25.650000,25.290001,25.299999,25.299999,6647
2017-01-10,25.150000,25.344999,25.150000,25.344999,25.344999,6890
2017-01-11,25.340000,25.610001,25.340000,25.510000,25.510000,13670
2017-01-12,25.205000,25.245001,25.000000,25.065001,25.065001,6894
2017-01-13,25.215000,25.350000,25.209999,25.350000,25.350000,6303
2017-01-16,25.285000,25.285000,25.195000,25.219999,25.219999,7946
2017-01-17,25.535000,25.535000,24.889999,24.889999,24.889999,5733
2017-01-18,25.010000,25.075001,25.000000,25.065001,25.065001,8478
2017-01-19,25.080000,25.195000,25.080000,25.135000,25.135000,6346
2017-01-20,25.305000,25.305000,25.065001,25.145000,25.145000,5057
2017-01-23,24.900000,24.965000,24.840000,24.885000,24.885000,6200
2017-01-24,24.950001,24.995001,24.860001,24.995001,24.995001,9523
2017-01-25,25.180000,25.350000,25.129999,25.309999,25.309999,6666
2017-01-26,25.719999,25.719999,25.450001,25.490000,25.490000,9177
2017-01-27,25.389999,25.389999,25.275000,25.309999,25.309999,16727
2017-01-30,25.135000,25.245001,25.040001,25.040001,25.040001,10960
2017-01-31,25.040001,25.040001,24.745001,24.745001,24.745001,5921
2017-02-01,25.020000,25.160000,25.000000,25.160000,25.160000,54719
2017-02-02,24.900000,24.934999,24.870001,24.934999,24.934999,3352
2017-02-03,24.930000,25.120001,24.930000,25.120001,25.120001,48072
2017-02-06,25.360001,25.360001,25.065001,25.084999,25.084999,5163
2017-02-07,25.165001,25.205000,25.155001,25.155001,25.155001,4304
2017-02-08,25.219999,25.219999,25.000000,25.080000,25.080000,4609
2017-02-09,25.045000,25.170000,25.014999,25.170000,25.170000,6601
2017-02-10,25.350000,25.879999,25.330000,25.879999,25.879999,2706
2017-02-13,25.410000,25.629999,25.410000,25.629999,25.629999,3662
2017-02-14,25.490000,25.670000,25.490000,25.635000,25.635000,1095
2017-02-15,25.805000,25.850000,25.740000,25.840000,25.840000,19361
2017-02-16,25.844999,25.844999,25.680000,25.680000,25.680000,4508
2017-02-17,25.665001,25.665001,25.504999,25.665001,25.665001,2476
2017-02-20,25.855000,25.855000,25.670000,25.799999,25.799999,2329
2017-02-21,25.915001,26.049999,25.870001,26.035000,26.035000,24537
2017-02-22,26.059999,26.174999,26.010000,26.065001,26.065001,44113
2017-02-23,26.035000,26.059999,25.955000,26.004999,26.004999,5327
2017-02-24,25.885000,26.340000,25.600000,26.340000,26.340000,7438
2017-02-27,25.735001,25.910000,25.670000,25.725000,25.725000,7608
2017-02-28,25.730000,25.780001,25.719999,25.770000,25.770000,3264
2017-03-01,26.000000,26.235001,26.000000,26.235001,26.235001,7426
2017-03-02,26.080000,26.280001,26.080000,26.160000,26.160000,5300
2017-03-03,26.135000,26.135000,25.995001,26.090000,26.090000,2228
2017-03-06,25.924999,26.000000,25.879999,25.895000,25.895000,4893
2017-03-07,25.900000,25.965000,25.809999,25.809999,25.809999,12977
2017-03-08,25.889999,25.930000,25.870001,25.930000,25.930000,4988
2017-03-09,25.950001,25.950001,25.670000,25.709999,25.709999,18480
2017-03-10,25.514999,25.834999,25.514999,25.745001,25.745001,2831
2017-03-13,25.940001,25.965000,25.725000,25.795000,25.795000,8575
2017-03-14,25.790001,25.790001,25.575001,25.690001,25.690001,5130
2017-03-15,25.805000,25.805000,25.730000,25.730000,25.730000,3975
2017-03-16,25.885000,25.905001,25.719999,25.809999,25.809999,21356
2017-03-17,25.705000,25.799999,25.674999,25.764999,25.764999,26606
2017-03-20,25.764999,25.885000,25.600000,25.650000,25.650000,4128
2017-03-21,25.750000,25.750000,25.305000,25.370001,25.370001,4437
2017-03-22,25.174999,25.260000,25.105000,25.260000,25.260000,5917
2017-03-23,25.330000,25.455000,25.264999,25.455000,25.455000,2965
2017-03-24,25.334999,25.445000,25.334999,25.389999,25.389999,2007
2017-03-27,25.299999,25.299999,24.959999,25.080000,25.080000,1812
2017-03-28,25.285000,25.400000,25.230000,25.400000,25.400000,1757
2017-03-29,25.504999,25.639999,25.475000,25.639999,25.639999,2902
2017-03-30,25.629999,25.780001,25.575001,25.780001,25.780001,11920
2017-03-31,25.360001,25.760000,25.360001,25.760000,25.760000,15474
2017-04-03,25.400000,25.754999,25.400000,25.620001,25.620001,7034
2017-04-04,25.309999,25.620001,25.309999,25.620001,25.620001,16134
2017-04-05,25.590000,25.674999,25.540001,25.674999,25.674999,10598
2017-04-06,25.405001,25.584999,25.365000,25.584999,25.584999,3403
2017-04-07,25.205000,25.655001,25.205000,25.655001,25.655001,8405
2017-04-10,25.775000,25.775000,25.600000,25.665001,25.665001,4290
2017-04-11,25.590000,26.049999,25.555000,26.049999,26.049999,10839
2017-04-12,25.690001,25.690001,25.475000,25.520000,25.520000,3868
2017-04-13,25.395000,25.545000,25.264999,25.375000,25.375000,3852
2017-04-18,25.735001,25.735001,25.035000,25.035000,25.035000,10367
2017-04-19,25.110001,25.209999,25.090000,25.209999,25.209999,4274
2017-04-20,25.145000,25.145000,25.049999,25.084999,25.084999,2475
2017-04-21,25.295000,25.340000,25.295000,25.334999,25.334999,5477
2017-04-24,25.309999,25.415001,25.309999,25.389999,25.389999,632
2017-04-25,25.465000,25.480000,25.459999,25.370001,25.370001,580
2017-04-26,25.480000,25.635000,25.480000,25.635000,25.635000,4576
2017-04-27,25.469999,25.575001,25.445000,25.525000,25.525000,2610
2017-04-28,25.495001,25.495001,25.400000,25.434999,25.434999,2728
2017-05-02,25.490000,25.520000,25.450001,25.420000,25.420000,3445
2017-05-03,25.530001,25.530001,25.295000,25.295000,25.295000,13441
2017-05-04,25.510000,25.510000,25.389999,25.465000,25.465000,2516
2017-05-05,25.280001,25.500000,25.280001,25.500000,25.500000,4557
2017-05-08,25.584999,25.605000,25.520000,25.520000,25.520000,1256
2017-05-09,25.545000,25.690001,25.540001,25.690001,25.690001,3339
2017-05-10,25.584999,25.705000,25.565001,25.705000,25.705000,802
2017-05-11,25.645000,25.650000,25.500000,25.625000,25.625000,4247
2017-05-12,25.580000,25.580000,25.424999,25.520000,25.520000,2972
2017-05-15,25.420000,25.459999,25.389999,25.490000,25.490000,435
2017-05-16,25.389999,25.405001,25.295000,25.295000,25.295000,5304
2017-05-17,25.160000,25.209999,25.000000,25.000000,25.000000,11459
2017-05-18,24.820000,24.834999,24.805000,24.844999,24.844999,1922
2017-05-19,24.910000,24.980000,24.815001,24.980000,24.980000,2008
2017-05-22,25.135000,25.135000,24.850000,24.969999,24.969999,12543
2017-05-23,24.889999,24.955000,24.840000,24.955000,24.955000,3863
2017-05-24,24.955000,25.030001,24.955000,24.990000,24.990000,356
2017-05-25,25.004999,25.004999,25.004999,25.030001,25.030001,256
2017-05-26,25.004999,25.059999,24.865000,25.059999,25.059999,3165
2017-05-29,25.040001,25.049999,24.934999,25.049999,25.049999,1376
2017-05-30,24.965000,24.965000,24.965000,24.965000,24.965000,5138
2017-05-31,24.900000,24.980000,24.830000,24.855000,24.855000,1406
2017-06-01,24.770000,25.000000,24.770000,24.934999,24.934999,7185
2017-06-02,25.305000,25.305000,25.305000,25.084999,25.084999,4
2017-06-05,24.750000,25.180000,24.750000,25.105000,25.105000,4022
2017-06-06,25.025000,25.080000,24.945000,24.945000,24.945000,3863
2017-06-07,25.070000,25.139999,24.985001,25.090000,25.090000,2652
2017-06-08,25.065001,25.135000,24.995001,25.115000,25.115000,716
2017-06-09,25.170000,25.295000,25.120001,25.295000,25.295000,2278
2017-06-12,25.200001,25.235001,25.055000,25.235001,25.235001,5709
2017-06-13,25.285000,25.325001,25.235001,25.325001,25.325001,2028
2017-06-14,25.320000,25.320000,25.030001,25.030001,25.030001,6991
2017-06-15,25.625000,25.625000,25.059999,25.059999,25.059999,7318
2017-06-16,25.190001,25.190001,24.930000,24.930000,24.930000,2010
2017-06-19,24.799999,25.360001,24.799999,25.184999,25.184999,5380
2017-06-20,24.990000,25.235001,24.990000,25.225000,25.225000,1495
2017-06-21,24.995001,25.090000,24.995001,25.090000,25.090000,7113
2017-06-22,25.059999,25.235001,25.049999,25.235001,25.235001,53738
2017-06-23,25.059999,25.165001,25.129999,25.129999,25.129999,2080
2017-06-26,25.040001,25.250000,25.040001,25.190001,25.190001,7876
2017-06-27,25.100000,25.100000,25.055000,25.055000,25.055000,612
2017-06-28,24.940001,25.004999,24.940001,24.969999,24.969999,615
2017-06-29,25.055000,25.065001,24.840000,24.840000,24.840000,1485
2017-06-30,24.940001,24.965000,24.799999,24.799999,24.799999,4114
2017-07-03,24.924999,25.080000,24.924999,25.080000,25.080000,10243
2017-07-04,25.184999,25.184999,24.905001,25.035000,25.035000,2088
2017-07-05,25.000000,25.080000,24.950001,25.080000,25.080000,2803
2017-07-06,24.895000,24.895000,24.799999,24.799999,24.799999,4395
2017-07-07,24.655001,24.850000,24.655001,24.850000,24.850000,3797
2017-07-10,24.855000,24.855000,24.764999,24.780001,24.780001,5949
2017-07-11,24.865000,24.865000,24.690001,24.690001,24.690001,549
2017-07-12,24.830000,24.985001,24.830000,24.985001,24.985001,884
2017-07-13,25.040001,25.105000,25.040001,25.070000,25.070000,2873
2017-07-14,25.100000,25.145000,25.035000,25.040001,25.040001,64837
2017-07-17,25.165001,25.165001,25.075001,25.115000,25.115000,1873
2017-07-18,24.950001,24.975000,24.785000,24.785000,24.785000,33499
2017-07-19,24.945000,24.969999,24.945000,24.969999,24.969999,9822
2017-07-20,25.040001,25.065001,24.754999,24.754999,24.754999,4005
2017-07-21,24.815001,24.875000,24.629999,24.665001,24.665001,7006
2017-07-24,24.639999,24.750000,24.639999,24.650000,24.650000,4123
2017-07-25,24.684999,24.785000,24.684999,24.785000,24.785000,7488
2017-07-26,24.875000,24.915001,24.805000,24.805000,24.805000,7510
2017-07-27,24.815001,24.815001,24.780001,24.795000,24.795000,2380
2017-07-28,24.620001,24.695000,24.600000,24.610001,24.610001,2179
2017-07-31,24.825001,24.834999,24.610001,24.610001,24.610001,6729
2017-08-01,24.834999,24.834999,24.719999,24.740000,24.740000,10029
2017-08-02,24.740000,24.740000,24.590000,24.590000,24.590000,6162
2017-08-03,24.684999,24.719999,24.600000,24.665001,24.665001,2952
2017-08-04,24.510000,24.825001,24.510000,24.825001,24.825001,2989
2017-08-07,24.805000,24.805000,24.745001,24.745001,24.745001,766
2017-08-08,24.730000,24.885000,24.709999,24.885000,24.885000,3638
2017-08-09,24.780001,24.860001,24.705000,24.705000,24.705000,4306
2017-08-10,24.695000,24.745001,24.535000,24.535000,24.535000,3622
2017-08-11,24.355000,24.355000,24.215000,24.215000,24.215000,3194
2017-08-14,24.385000,24.385000,24.385000,24.525000,24.525000,58
2017-08-16,24.705000,24.705000,24.665001,24.705000,24.705000,760
2017-08-17,24.680000,24.684999,24.485001,24.485001,24.485001,250
2017-08-18,24.344999,24.365000,24.330000,24.344999,24.344999,6545
2017-08-21,24.270000,24.270000,24.200001,24.165001,24.165001,270
2017-08-22,24.340000,24.340000,24.330000,24.395000,24.395000,122
2017-08-23,24.305000,24.305000,24.305000,24.305000,24.305000,166
2017-08-24,24.370001,24.389999,24.264999,24.264999,24.264999,1204
2017-08-25,24.275000,24.320000,24.209999,24.209999,24.209999,1932
2017-08-28,24.125000,24.209999,24.080000,24.075001,24.075001,1123
2017-08-29,23.830000,23.830000,23.745001,23.820000,23.820000,11935
2017-08-30,24.100000,24.110001,24.040001,24.110001,24.110001,748
2017-08-31,24.235001,24.389999,24.235001,24.385000,24.385000,468
2017-09-01,24.385000,24.495001,24.385000,24.459999,24.459999,2229
2017-09-04,24.355000,24.370001,24.299999,24.299999,24.299999,818
2017-09-05,24.299999,24.355000,24.264999,24.264999,24.264999,423
2017-09-06,24.205000,24.275000,24.205000,24.275000,24.275000,1115
2017-09-07,24.290001,24.395000,24.230000,24.230000,24.230000,658
2017-09-08,24.230000,24.230000,24.215000,24.215000,24.215000,711
2017-09-11,24.504999,24.504999,24.500000,24.500000,24.500000,1287
2017-09-12,24.655001,24.730000,24.655001,24.715000,24.715000,3398
2017-09-13,24.610001,24.750000,24.610001,24.750000,24.750000,2291
2017-09-14,24.754999,24.825001,24.754999,24.805000,24.805000,1660
2017-09-15,24.700001,24.700001,24.645000,24.680000,24.680000,2307
2017-09-18,24.850000,24.850000,24.850000,24.809999,24.809999,98
2017-09-19,24.730000,24.834999,24.725000,24.785000,24.785000,2434
2017-09-20,24.830000,24.830000,24.745001,24.795000,24.795000,65
2017-09-21,24.900000,24.940001,24.889999,24.924999,24.924999,2161
2017-09-22,24.805000,24.900000,24.780001,24.844999,24.844999,1404
2017-09-25,24.985001,25.049999,24.985001,25.075001,25.075001,23158
2017-09-26,25.200001,25.225000,25.200001,25.205000,25.205000,2899
2017-09-27,25.370001,25.410000,25.350000,25.340000,25.340000,1248
2017-09-28,25.340000,25.340000,25.254999,25.275000,25.275000,1134
2017-09-29,25.379999,25.379999,25.264999,25.360001,25.360001,3470
2017-10-02,25.445000,25.620001,25.430000,25.525000,25.525000,6545
2017-10-03,25.610001,25.610001,25.594999,25.594999,25.594999,2252
2017-10-04,25.725000,25.725000,25.625000,25.625000,25.625000,4640
2017-10-05,25.625000,25.770000,25.625000,25.730000,25.730000,5628
2017-10-06,25.799999,25.885000,25.735001,25.735001,25.735001,37844
2017-10-09,25.770000,25.799999,25.695000,25.695000,25.695000,1059
2017-10-10,25.594999,25.719999,25.594999,25.635000,25.635000,5114
2017-10-11,25.600000,25.639999,25.590000,25.620001,25.620001,398
2017-10-12,25.875000,25.875000,25.590000,25.594999,25.594999,10267
2017-10-13,25.715000,25.715000,25.639999,25.670000,25.670000,624
2017-10-16,25.900000,25.920000,25.834999,25.830000,25.830000,3730
2017-10-17,25.900000,25.920000,25.820000,25.820000,25.820000,6789
2017-10-18,26.000000,26.000000,25.879999,25.889999,25.889999,721
2017-10-19,25.730000,25.879999,25.620001,25.684999,25.684999,6489
2017-10-20,25.799999,25.930000,25.799999,25.910000,25.910000,4472
2017-10-23,26.000000,26.139999,25.900000,26.135000,26.135000,42493
2017-10-24,26.174999,26.174999,26.065001,26.094999,26.094999,63590
2017-10-25,26.120001,26.120001,26.004999,25.879999,25.879999,1169
2017-10-26,25.990000,26.195000,25.990000,26.195000,26.195000,5621
2017-10-27,26.264999,26.424999,26.264999,26.424999,26.424999,3363
2017-10-30,26.445000,26.445000,26.295000,26.315001,26.315001,38696
2017-10-31,26.245001,26.389999,26.245001,26.370001,26.370001,2416
2017-11-01,26.615000,26.615000,26.600000,26.625000,26.625000,374
2017-11-02,26.559999,26.584999,26.455000,26.480000,26.480000,24786
2017-11-03,26.594999,26.594999,26.520000,26.575001,26.575001,2087
2017-11-06,26.559999,26.625000,26.559999,26.559999,26.559999,2666
2017-11-07,26.730000,26.805000,26.665001,26.665001,26.665001,5399
2017-11-08,26.650000,26.730000,26.645000,26.719999,26.719999,3011
2017-11-09,26.695000,26.695000,26.420000,26.420000,26.420000,3962
2017-11-10,26.400000,26.400000,26.330000,26.330000,26.330000,1378
2017-11-13,26.400000,26.400000,26.139999,26.230000,26.230000,2804
2017-11-14,26.275000,26.275000,25.934999,25.934999,25.934999,5165
2017-11-15,25.625000,25.625000,25.530001,25.785000,25.785000,28146
2017-11-16,25.690001,26.120001,25.690001,26.120001,26.120001,1154
2017-11-17,26.004999,26.025000,25.975000,26.000000,26.000000,1993
2017-11-20,26.155001,26.205000,26.145000,26.145000,26.145000,1343
2017-11-21,26.264999,26.400000,26.250000,26.344999,26.344999,22913
2017-11-22,26.385000,26.415001,26.260000,26.275000,26.275000,2235
2017-11-23,26.225000,26.260000,26.219999,26.225000,26.225000,1739
2017-11-24,26.290001,26.290001,26.120001,26.120001,26.120001,571
2017-11-27,26.155001,26.155001,26.040001,26.035000,26.035000,3895
2017-11-28,26.160000,26.209999,26.135000,26.190001,26.190001,5015
2017-11-29,26.455000,26.525000,26.400000,26.434999,26.434999,1098
2017-11-30,26.485001,26.620001,26.420000,26.420000,26.420000,22419
2017-12-01,26.420000,26.445000,26.070000,26.070000,26.070000,13611
2017-12-04,26.520000,26.545000,26.490000,26.510000,26.510000,11294
2017-12-05,26.395000,26.504999,26.395000,26.504999,26.504999,1116
2017-12-06,26.254999,26.420000,26.250000,26.365000,26.365000,15514
2017-12-07,26.440001,26.480000,26.365000,26.440001,26.440001,2425
2017-12-08,26.440001,26.440001,26.440001,26.440001,26.440001,0
2017-12-11,26.740000,26.764999,26.674999,26.764999,26.764999,10222
2017-12-12,26.850000,26.995001,26.850000,26.995001,26.995001,29450
2017-12-13,26.934999,26.985001,26.920000,26.920000,26.920000,12699
2017-12-14,26.809999,26.809999,26.730000,26.830000,26.830000,996
2017-12-15,26.665001,26.870001,26.620001,26.870001,26.870001,2900
2017-12-18,27.000000,27.049999,26.975000,27.075001,27.075001,2261
2017-12-19,27.094999,27.100000,27.035000,27.035000,27.035000,5317
2017-12-20,27.059999,27.059999,26.920000,26.910000,26.910000,1554
2017-12-21,26.985001,27.070000,26.985001,26.995001,26.995001,3049
2017-12-22,27.049999,27.049999,26.975000,26.975000,26.975000,3603
2017-12-27,26.975000,27.055000,26.915001,26.965000,26.965000,1281
2017-12-28,27.155001,27.155001,26.834999,26.834999,26.834999,135
2017-12-29,26.860001,26.860001,26.740000,26.745001,26.745001,468
2018-01-02,26.740000,26.785000,26.584999,26.740000,26.740000,6948
2018-01-03,26.975000,27.040001,26.934999,27.030001,27.030001,591
2018-01-04,27.165001,27.225000,27.129999,27.195000,27.195000,16222
2018-01-05,27.250000,27.420000,27.230000,27.400000,27.400000,6325
2018-01-08,27.635000,27.635000,27.535000,27.565001,27.565001,1225
2018-01-09,27.684999,27.795000,27.684999,27.795000,27.795000,5583
2018-01-10,27.764999,27.785000,27.635000,27.760000,27.760000,1142
2018-01-11,27.840000,27.840000,27.655001,27.665001,27.665001,23159
2018-01-12,27.674999,27.799999,27.625000,27.799999,27.799999,21046
2018-01-15,27.770000,27.770000,27.570000,27.575001,27.575001,5600
2018-01-16,27.580000,27.740000,27.580000,27.684999,27.684999,4997
2018-01-17,27.575001,27.684999,27.549999,27.650000,27.650000,46453
2018-01-18,27.625000,27.670000,27.559999,27.629999,27.629999,178228
2018-01-19,27.520000,27.709999,27.520000,27.709999,27.709999,13277
2018-01-22,27.590000,27.834999,27.590000,27.785000,27.785000,20000
2018-01-23,27.879999,27.950001,27.830000,27.844999,27.844999,45955
2018-01-24,28.030001,28.030001,27.650000,27.650000,27.650000,5042
2018-01-25,27.655001,27.799999,27.465000,27.485001,27.485001,9288
2018-01-26,27.570000,27.750000,27.530001,27.750000,27.750000,5503
2018-01-29,27.809999,27.934999,27.805000,27.934999,27.934999,22512
2018-01-30,27.770000,27.780001,27.379999,27.415001,27.415001,132381
2018-01-31,27.344999,27.344999,27.155001,27.170000,27.170000,22769
2018-02-01,27.375000,27.375000,27.090000,27.090000,27.090000,3775
2018-02-02,26.985001,26.985001,26.809999,26.860001,26.860001,4791
2018-02-05,26.575001,26.575001,26.344999,26.434999,26.434999,7143
2018-02-06,25.540001,25.900000,25.520000,25.674999,25.674999,5537
2018-02-07,25.900000,26.495001,25.900000,26.459999,26.459999,10817
2018-02-08,26.299999,26.334999,25.985001,26.004999,26.004999,7074
2018-02-09,25.790001,25.790001,25.379999,25.480000,25.480000,27833
2018-02-12,25.809999,25.934999,25.809999,25.834999,25.834999,5336
2018-02-13,25.680000,25.680000,25.590000,25.620001,25.620001,3375
2018-02-14,25.805000,25.809999,25.490000,25.785000,25.785000,16485
2018-02-15,26.049999,26.125000,25.855000,25.855000,25.855000,16422
2018-02-16,26.160000,26.379999,26.160000,26.325001,26.325001,10217
2018-02-19,26.389999,26.459999,26.305000,26.305000,26.305000,16329
2018-02-20,26.360001,26.395000,26.270000,26.415001,26.415001,6707
2018-02-21,26.280001,26.365000,26.200001,26.385000,26.385000,5236
2018-02-22,26.205000,26.309999,26.195000,26.330000,26.330000,3647
2018-02-23,26.379999,26.400000,26.379999,26.400000,26.400000,1119
2018-02-26,26.700001,26.745001,26.610001,26.695000,26.695000,2174
2018-02-27,26.764999,26.920000,26.754999,26.844999,26.844999,5846
2018-02-28,26.730000,26.844999,26.650000,26.650000,26.650000,13246
2018-03-01,26.450001,26.495001,26.264999,26.334999,26.334999,7427
2018-03-02,25.865000,25.865000,25.660000,25.690001,25.690001,1365
2018-03-05,25.785000,25.785000,25.750000,25.950001,25.950001,825
2018-03-06,26.065001,26.090000,26.014999,25.955000,25.955000,4816
2018-03-07,25.805000,25.969999,25.715000,25.955000,25.955000,1674
2018-03-08,25.910000,26.150000,25.910000,26.145000,26.145000,2426
2018-03-09,26.135000,26.299999,26.135000,26.275000,26.275000,3653
2018-03-12,26.510000,26.535000,26.434999,26.504999,26.504999,2474
2018-03-13,26.480000,26.535000,26.280001,26.280001,26.280001,2338
2018-03-14,26.375000,26.385000,26.285000,26.195000,26.195000,1006
2018-03-15,26.295000,26.355000,26.285000,26.334999,26.334999,2454
2018-03-16,26.250000,26.459999,26.245001,26.430000,26.430000,1263
2018-03-19,26.215000,26.215000,25.905001,25.959999,25.959999,2192
2018-03-20,26.105000,26.105000,26.105000,26.209999,26.209999,20
2018-03-21,26.150000,26.150000,26.090000,26.250000,26.250000,544
2018-03-22,25.875000,25.975000,25.674999,25.795000,25.795000,29655
2018-03-23,25.440001,25.455000,25.285000,25.325001,25.325001,1358
2018-03-26,25.754999,25.754999,24.990000,25.030001,25.030001,2615
2018-03-27,25.450001,25.680000,25.450001,25.565001,25.565001,6505
2018-03-28,25.395000,25.530001,25.285000,25.440001,25.440001,3261
2018-03-29,25.615000,25.665001,25.590000,25.775000,25.775000,2569
2018-04-03,25.504999,25.565001,25.440001,25.580000,25.580000,578
2018-04-04,25.635000,25.635000,25.190001,25.514999,25.514999,7064
2018-04-05,25.965000,26.004999,25.965000,26.115000,26.115000,414
2018-04-06,25.844999,25.959999,25.790001,25.760000,25.760000,10696
2018-04-09,25.834999,25.885000,25.674999,25.825001,25.825001,10894
2018-04-10,26.075001,26.075001,25.920000,26.035000,26.035000,802
2018-04-11,25.920000,25.985001,25.850000,25.980000,25.980000,757
2018-04-12,25.930000,26.209999,25.924999,26.219999,26.219999,1057
2018-04-13,26.200001,26.350000,26.200001,26.200001,26.200001,166
2018-04-16,25.809999,26.240000,25.809999,26.160000,26.160000,2262
2018-04-17,26.120001,26.370001,26.120001,26.420000,26.420000,1617
2018-04-18,26.410000,26.434999,26.379999,26.469999,26.469999,5230
2018-04-19,26.420000,26.510000,26.420000,26.450001,26.450001,1131
2018-04-20,26.465000,26.500000,26.410000,26.370001,26.370001,60510
2018-04-23,26.455000,26.620001,26.455000,26.620001,26.620001,3830
2018-04-24,26.600000,26.780001,26.600000,26.740000,26.740000,44937
2018-04-25,26.600000,26.635000,26.600000,26.584999,26.584999,423
2018-04-26,26.625000,26.840000,26.625000,26.850000,26.850000,923
2018-04-27,27.000000,27.000000,26.840000,26.895000,26.895000,4987
2018-04-30,26.959999,27.000000,26.924999,26.990000,26.990000,2694
2018-05-02,26.900000,26.934999,26.844999,26.895000,26.895000,197
2018-05-03,26.764999,26.764999,26.590000,26.480000,26.480000,200
2018-05-04,26.635000,26.844999,26.590000,26.850000,26.850000,1449
2018-05-07,26.850000,27.000000,26.850000,26.985001,26.985001,1169
2018-05-08,26.980000,27.080000,26.980000,27.075001,27.075001,386
2018-05-09,27.100000,27.100000,27.035000,27.080000,27.080000,769
2018-05-10,27.180000,27.250000,27.180000,27.270000,27.270000,535
2018-05-11,27.299999,27.309999,27.299999,27.334999,27.334999,3665
2018-05-14,27.320000,27.389999,27.320000,27.400000,27.400000,2021
2018-05-15,27.400000,27.605000,27.400000,27.475000,27.475000,1384
2018-05-16,27.530001,27.629999,27.504999,27.645000,27.645000,767
2018-05-17,27.629999,27.770000,27.629999,27.775000,27.775000,1309
2018-05-18,27.709999,27.730000,27.600000,27.635000,27.635000,3576
2018-05-21,27.790001,27.790001,27.725000,27.725000,27.725000,11458
2018-05-22,27.670000,27.815001,27.665001,27.830000,27.830000,6040
2018-05-23,27.635000,27.680000,27.559999,27.575001,27.575001,968
2018-05-24,27.504999,27.670000,27.410000,27.395000,27.395000,4751
2018-05-25,27.500000,27.540001,27.440001,27.490000,27.490000,6625
2018-05-28,27.490000,27.500000,27.475000,27.480000,27.480000,7811
2018-05-29,27.350000,27.350000,27.219999,27.309999,27.309999,3203
2018-05-30,27.240000,27.254999,27.174999,27.264999,27.264999,6765
2018-05-31,27.205000,27.235001,27.055000,27.120001,27.120001,5832
2018-06-01,27.184999,27.350000,27.184999,27.350000,27.350000,64624
2018-06-04,27.475000,27.500000,27.405001,27.430000,27.430000,1449
2018-06-05,27.020000,27.475000,27.020000,27.355000,27.355000,7837
2018-06-06,27.264999,27.264999,27.209999,27.360001,27.360001,198
2018-06-07,27.430000,27.430000,27.385000,27.410000,27.410000,1044
2018-06-08,27.379999,27.430000,27.280001,27.379999,27.379999,3246
2018-06-11,27.400000,27.514999,27.350000,27.510000,27.510000,2824
2018-06-12,27.434999,27.440001,27.434999,27.405001,27.405001,2900
2018-06-13,27.495001,27.495001,27.430000,27.475000,27.475000,293
2018-06-14,27.260000,27.700001,27.215000,27.700001,27.700001,36874
2018-06-15,27.715000,27.715000,27.504999,27.490000,27.490000,1791
2018-06-18,27.459999,27.549999,27.344999,27.360001,27.360001,284
2018-06-19,27.200001,27.275000,27.200001,27.254999,27.254999,2981
2018-06-20,27.455000,27.455000,27.309999,27.334999,27.334999,3493
2018-06-21,27.379999,27.379999,27.025000,27.040001,27.040001,15659
2018-06-22,27.040001,27.174999,27.040001,27.160000,27.160000,28660
2018-06-25,26.879999,27.045000,26.555000,26.520000,26.520000,4788
2018-06-26,26.715000,26.719999,26.605000,26.610001,26.610001,1877
2018-06-27,26.709999,26.834999,26.709999,26.785000,26.785000,481
2018-06-28,26.770000,26.770000,26.469999,26.565001,26.565001,727
2018-06-29,26.645000,26.645000,26.590000,26.605000,26.605000,5233
2018-07-02,26.344999,26.405001,26.240000,26.379999,26.379999,388
2018-07-03,26.450001,26.480000,26.450001,26.480000,26.480000,3689
2018-07-04,26.290001,26.445000,26.290001,26.430000,26.430000,214
2018-07-05,26.424999,26.469999,26.424999,26.469999,26.469999,1279
2018-07-06,26.540001,26.549999,26.410000,26.575001,26.575001,307
2018-07-09,26.805000,26.834999,26.715000,26.809999,26.809999,257
2018-07-10,26.885000,26.985001,26.885000,26.905001,26.905001,509
2018-07-11,26.660000,26.725000,26.584999,26.605000,26.605000,492
2018-07-12,26.559999,26.690001,26.559999,26.684999,26.684999,1357
2018-07-13,26.865000,26.870001,26.760000,26.760000,26.760000,894
2018-07-16,26.719999,26.790001,26.684999,26.690001,26.690001,1164
2018-07-17,26.690001,26.725000,26.665001,26.799999,26.799999,457
2018-07-18,26.934999,26.934999,26.860001,26.940001,26.940001,30400
2018-07-19,27.000000,27.000000,26.934999,26.950001,26.950001,572
2018-07-20,26.905001,26.905001,26.615000,26.719999,26.719999,4347
2018-07-23,26.645000,26.780001,26.645000,26.764999,26.764999,4891
2018-07-24,26.915001,27.090000,26.915001,27.075001,27.075001,16562
2018-07-25,27.030001,27.030001,26.930000,26.975000,26.975000,1698
2018-07-26,27.120001,27.309999,27.120001,27.330000,27.330000,2039
2018-07-27,27.330000,27.400000,27.295000,27.325001,27.325001,1229
2018-07-30,27.120001,27.240000,27.120001,27.184999,27.184999,3862
2018-07-31,27.100000,27.245001,27.100000,27.230000,27.230000,3841
2018-08-01,27.235001,27.270000,27.184999,27.235001,27.235001,716
2018-08-02,27.090000,27.090000,27.020000,27.115000,27.115000,478
2018-08-03,27.180000,27.290001,27.180000,27.290001,27.290001,909
2018-08-06,27.280001,27.320000,27.280001,27.295000,27.295000,357
2018-08-07,27.475000,27.475000,27.420000,27.495001,27.495001,1735
2018-08-08,27.434999,27.459999,27.415001,27.455000,27.455000,839
2018-08-09,27.420000,27.445000,27.420000,27.485001,27.485001,81421
2018-08-10,27.415001,27.455000,27.320000,27.395000,27.395000,58775
2018-08-13,27.295000,27.295000,27.170000,27.285000,27.285000,15416
2018-08-14,27.285000,27.285000,27.285000,27.285000,27.285000,0
2018-08-16,27.170000,27.170000,27.155001,27.219999,27.219999,626
2018-08-17,27.254999,27.254999,27.110001,27.180000,27.180000,14303
2018-08-20,27.309999,27.330000,27.309999,27.295000,27.295000,334
2018-08-21,27.190001,27.270000,27.190001,27.240000,27.240000,860
2018-08-22,27.219999,27.225000,27.165001,27.184999,27.184999,590
2018-08-23,27.094999,27.184999,27.080000,27.030001,27.030001,8536
2018-08-24,27.000000,27.040001,27.000000,27.025000,27.025000,868
2018-08-27,27.165001,27.184999,27.165001,27.209999,27.209999,512
2018-08-28,27.295000,27.295000,27.145000,27.155001,27.155001,5860
2018-08-29,27.320000,27.320000,27.184999,27.260000,27.260000,3754
2018-08-30,27.084999,27.215000,27.084999,27.165001,27.165001,8170
2018-08-31,27.025000,27.055000,27.025000,27.070000,27.070000,98513
2018-09-03,27.075001,27.075001,27.040001,27.059999,27.059999,6094
2018-09-04,27.129999,27.129999,27.010000,26.934999,26.934999,120339
2018-09-05,26.924999,26.924999,26.690001,26.680000,26.680000,1120
2018-09-06,26.700001,26.750000,26.555000,26.570000,26.570000,1514
2018-09-07,26.530001,26.600000,26.530001,26.605000,26.605000,419
2018-09-10,26.665001,26.709999,26.665001,26.635000,26.635000,103
2018-09-11,26.559999,26.559999,26.485001,26.525000,26.525000,340
2018-09-12,26.610001,26.610001,26.545000,26.605000,26.605000,458
2018-09-13,26.815001,26.815001,26.645000,26.645000,26.645000,4335
2018-09-14,26.895000,26.895000,26.795000,26.920000,26.920000,1520
2018-09-17,26.955000,26.955000,26.950001,26.969999,26.969999,164
2018-09-18,27.070000,27.165001,27.045000,27.205000,27.205000,6566
2018-09-19,27.285000,27.295000,27.235001,27.434999,27.434999,616
2018-09-20,27.254999,27.400000,27.254999,27.455000,27.455000,105
2018-09-21,27.525000,27.660000,27.500000,27.660000,27.660000,9153
2018-09-24,27.455000,27.490000,27.370001,27.424999,27.424999,382
2018-09-25,27.559999,27.559999,27.559999,27.490000,27.490000,36
2018-09-26,27.434999,27.434999,27.434999,27.530001,27.530001,158
2018-09-27,27.395000,27.549999,27.395000,27.665001,27.665001,10381
2018-09-28,27.650000,27.690001,27.625000,27.620001,27.620001,886
2018-10-01,27.754999,27.790001,27.709999,27.834999,27.834999,26070
2018-10-02,27.705000,27.799999,27.690001,27.795000,27.795000,1661
2018-10-03,28.000000,28.000000,27.760000,27.924999,27.924999,1911
2018-10-04,27.815001,27.875000,27.700001,27.745001,27.745001,1320
2018-10-05,27.740000,27.754999,27.625000,27.600000,27.600000,83861
2018-10-08,27.485001,27.580000,27.485001,27.500000,27.500000,1427
2018-10-09,27.580000,27.584999,27.445000,27.514999,27.514999,6963
2018-10-10,27.495001,27.525000,27.264999,27.209999,27.209999,6094
2018-10-11,26.754999,26.754999,26.450001,26.440001,26.440001,22634
2018-10-12,26.495001,26.504999,26.430000,26.355000,26.355000,26190
2018-10-15,26.305000,26.400000,26.245001,26.445000,26.445000,2124
2018-10-16,26.440001,26.690001,26.440001,26.705000,26.705000,2253
2018-10-17,26.809999,26.809999,26.670000,26.705000,26.705000,1698
2018-10-18,26.870001,26.870001,26.780001,26.674999,26.674999,3843
2018-10-19,26.629999,26.695000,26.555000,26.620001,26.620001,1431
2018-10-22,26.555000,26.559999,26.445000,26.450001,26.450001,617
2018-10-23,26.090000,26.090000,25.934999,25.990000,25.990000,20256
2018-10-24,26.115000,26.240000,26.084999,25.850000,25.850000,2003
2018-10-25,25.645000,25.815001,25.625000,25.959999,25.959999,21274
2018-10-26,25.590000,25.665001,25.500000,25.540001,25.540001,8500
2018-10-29,25.680000,25.955000,25.680000,25.809999,25.809999,2408
2018-10-30,25.889999,25.934999,25.650000,25.820000,25.820000,2519
2018-10-31,26.180000,26.290001,26.155001,26.260000,26.260000,13305
2018-11-01,26.275000,26.305000,26.275000,26.285000,26.285000,23723
2018-11-02,26.615000,26.620001,26.379999,26.355000,26.355000,1557
2018-11-05,26.360001,26.415001,26.245001,26.360001,26.360001,484
2018-11-06,26.424999,26.520000,26.385000,26.504999,26.504999,14144
2018-11-07,26.639999,26.665001,26.549999,26.629999,26.629999,1054
2018-11-08,26.895000,26.895000,26.795000,26.834999,26.834999,5349
2018-11-09,26.745001,26.745001,26.635000,26.670000,26.670000,1964
2018-11-12,26.795000,26.795000,26.530001,26.495001,26.495001,768
2018-11-13,26.495001,26.594999,26.355000,26.549999,26.549999,6162
2018-11-14,26.555000,26.555000,26.365000,26.309999,26.309999,2165
2018-11-15,26.330000,26.330000,25.990000,26.125000,26.125000,5060
2018-11-16,26.045000,26.180000,26.025000,26.120001,26.120001,5411
2018-11-19,26.209999,26.209999,25.980000,25.930000,25.930000,3529
2018-11-20,25.850000,25.850000,25.559999,25.620001,25.620001,7013
2018-11-21,25.665001,25.834999,25.639999,25.840000,25.840000,1728
2018-11-22,25.840000,25.840000,25.840000,25.840000,25.840000,0
2018-11-23,25.705000,25.775000,25.610001,25.795000,25.795000,5496
2018-11-26,25.955000,26.004999,25.940001,26.059999,26.059999,4642
2018-11-27,26.084999,26.125000,25.980000,26.145000,26.145000,3988
2018-11-28,26.250000,26.270000,26.209999,26.165001,26.165001,7929
2018-11-29,26.215000,26.264999,26.215000,26.215000,26.215000,13040
2018-11-30,26.139999,26.139999,26.115000,26.264999,26.264999,106
2018-12-03,26.870001,26.870001,26.719999,26.629999,26.629999,11139
2018-12-04,26.485001,26.485001,26.285000,26.285000,26.285000,9524
2018-12-05,25.980000,26.010000,25.969999,25.959999,25.959999,3684
2018-12-06,25.750000,25.750000,25.165001,25.090000,25.090000,28269
2018-12-07,25.445000,25.559999,25.445000,25.295000,25.295000,2882
2018-12-10,25.000000,25.059999,25.000000,24.705000,24.705000,914
2018-12-11,25.105000,25.305000,25.105000,25.225000,25.225000,1856
2018-12-12,25.385000,25.459999,25.350000,25.510000,25.510000,4842
2018-12-13,25.440001,25.440001,25.385000,25.334999,25.334999,607
2018-12-14,25.049999,25.340000,25.049999,25.275000,25.275000,1934
2018-12-17,25.100000,25.209999,24.950001,25.094999,25.094999,78463
2018-12-18,24.834999,25.000000,24.834999,24.809999,24.809999,1433
2018-12-19,24.684999,24.764999,24.629999,24.750000,24.750000,35338
2018-12-20,24.150000,24.254999,24.139999,24.150000,24.150000,26340
2018-12-21,23.830000,24.065001,23.799999,23.905001,23.905001,3292
2018-12-27,23.500000,23.879999,23.420000,23.530001,23.530001,2604
2018-12-28,23.615000,24.090000,23.615000,23.990000,23.990000,13670
2019-01-02,23.605000,24.160000,23.605000,24.225000,24.225000,839
2019-01-03,24.094999,24.240000,24.070000,24.059999,24.059999,27761
2019-01-04,24.350000,24.785000,24.350000,24.785000,24.785000,14390
2019-01-07,24.844999,24.889999,24.745001,24.855000,24.855000,10058
2019-01-08,25.129999,25.129999,25.120001,25.030001,25.030001,905
2019-01-09,25.205000,25.250000,24.985001,25.094999,25.094999,6030
2019-01-10,25.030001,25.205000,25.030001,25.174999,25.174999,6525
2019-01-11,25.180000,25.260000,25.160000,25.299999,25.299999,1493
2019-01-14,25.200001,25.260000,25.170000,25.205000,25.205000,3809
2019-01-15,25.525000,25.525000,25.395000,25.500000,25.500000,664
2019-01-16,25.549999,25.605000,25.504999,25.605000,25.605000,9556
2019-01-17,25.440001,25.549999,25.420000,25.520000,25.520000,56503
2019-01-18,25.785000,25.990000,25.584999,26.010000,26.010000,16306
2019-01-21,26.010000,26.010000,25.860001,25.905001,25.905001,3259
2019-01-22,25.825001,25.840000,25.715000,25.725000,25.725000,614
2019-01-23,25.740000,25.809999,25.635000,25.629999,25.629999,1128
2019-01-24,25.775000,25.900000,25.775000,25.905001,25.905001,2139
2019-01-25,26.010000,26.105000,26.010000,26.049999,26.049999,2361
2019-01-28,25.934999,25.934999,25.750000,25.764999,25.764999,521
2019-01-29,25.840000,25.885000,25.825001,25.865000,25.865000,4192
2019-01-30,25.900000,25.920000,25.889999,25.934999,25.934999,1116
2019-01-31,26.055000,26.055000,25.930000,26.070000,26.070000,376
2019-02-01,26.110001,26.110001,26.010000,26.055000,26.055000,9761
2019-02-04,26.059999,26.125000,26.040001,26.049999,26.049999,725
2019-02-05,26.090000,26.360001,26.090000,26.320000,26.320000,16015
2019-02-06,26.240000,26.355000,26.225000,26.365000,26.365000,1791
2019-02-07,26.355000,26.365000,26.049999,25.980000,25.980000,37251
2019-02-08,25.900000,25.910000,25.780001,25.725000,25.725000,17078
2019-02-11,25.995001,26.080000,25.950001,26.014999,26.014999,3410
2019-02-12,26.250000,26.309999,26.205000,26.309999,26.309999,28028
2019-02-13,26.350000,26.480000,26.350000,26.415001,26.415001,533
2019-02-14,26.545000,26.545000,26.299999,26.344999,26.344999,5136
2019-02-15,26.375000,26.684999,26.375000,26.715000,26.715000,408
2019-02-18,26.719999,26.740000,26.719999,26.709999,26.709999,8211
2019-02-19,26.730000,26.730000,26.655001,26.695000,26.695000,7836
2019-02-20,26.725000,26.770000,26.725000,26.830000,26.830000,589
2019-02-21,26.809999,26.825001,26.705000,26.709999,26.709999,2897
2019-02-22,26.730000,26.820000,26.730000,26.799999,26.799999,2945
2019-02-25,26.750000,26.955000,26.750000,26.924999,26.924999,589
2019-02-26,26.719999,26.889999,26.719999,26.879999,26.879999,14199
2019-02-27,26.674999,26.705000,26.660000,26.745001,26.745001,3607
2019-02-28,26.535000,26.625000,26.535000,26.615000,26.615000,407
2019-03-01,26.680000,26.705000,26.674999,26.610001,26.610001,3059
2019-03-04,26.745001,26.790001,26.655001,26.665001,26.665001,1278
2019-03-05,26.660000,26.670000,26.540001,26.610001,26.610001,4928
2019-03-06,26.555000,26.594999,26.424999,26.450001,26.450001,23045
2019-03-07,26.280001,26.370001,26.230000,26.305000,26.305000,7807
2019-03-08,26.209999,26.215000,25.975000,26.070000,26.070000,21582
2019-03-11,26.235001,26.375000,26.200001,26.424999,26.424999,26704
2019-03-12,26.445000,26.520000,26.445000,26.459999,26.459999,470
2019-03-13,26.405001,26.555000,26.379999,26.549999,26.549999,21994
2019-03-14,26.565001,26.565001,26.475000,26.510000,26.510000,6387
2019-03-15,26.510000,26.670000,26.510000,26.660000,26.660000,6813
2019-03-18,26.665001,26.780001,26.665001,26.730000,26.730000,4092
2019-03-19,26.799999,26.965000,26.799999,26.959999,26.959999,11754
2019-03-20,26.850000,26.860001,26.650000,26.639999,26.639999,1461
2019-03-21,26.600000,26.860001,26.530001,26.795000,26.795000,2793
2019-03-22,26.865000,26.865000,26.580000,26.549999,26.549999,1208
2019-03-25,26.370001,26.434999,26.325001,26.375000,26.375000,8420
2019-03-26,26.545000,26.709999,26.540001,26.590000,26.590000,6333
2019-03-27,26.665001,26.684999,26.565001,26.594999,26.594999,2383
2019-03-28,26.600000,26.705000,26.600000,26.570000,26.570000,3358
2019-03-29,26.670000,26.775000,26.670000,26.735001,26.735001,12471
2019-04-01,27.025000,27.180000,27.020000,27.190001,27.190001,3165
2019-04-02,27.190001,27.290001,27.184999,27.260000,27.260000,2141
2019-04-03,27.360001,27.450001,27.320000,27.415001,27.415001,4862
2019-04-04,27.275000,27.450001,27.275000,27.410000,27.410000,1608
2019-04-05,27.445000,27.540001,27.445000,27.520000,27.520000,8429
2019-04-08,27.405001,27.430000,27.350000,27.370001,27.370001,490
2019-04-09,27.395000,27.395000,27.200001,27.215000,27.215000,6251
2019-04-10,27.225000,27.225000,27.225000,27.254999,27.254999,162
2019-04-11,27.235001,27.320000,27.235001,27.285000,27.285000,1462
2019-04-12,27.155001,27.309999,27.155001,27.275000,27.275000,433
2019-04-15,27.315001,27.355000,27.305000,27.325001,27.325001,927
2019-04-16,27.320000,27.434999,27.320000,27.445000,27.445000,2254
2019-04-17,27.440001,27.545000,27.440001,27.430000,27.430000,5687
2019-04-18,27.350000,27.584999,27.350000,27.469999,27.469999,2885
2019-04-23,27.465000,27.549999,27.389999,27.570000,27.570000,1604
2019-04-24,27.405001,27.405001,27.360001,27.340000,27.340000,1729
2019-04-25,27.400000,27.400000,27.190001,27.325001,27.325001,2014
2019-04-26,27.150000,27.250000,27.139999,27.225000,27.225000,10040
2019-04-29,27.385000,27.389999,27.315001,27.350000,27.350000,1894
2019-04-30,27.250000,27.305000,27.235001,27.264999,27.264999,124
2019-05-02,27.250000,27.340000,27.180000,27.165001,27.165001,6401
2019-05-03,27.340000,27.375000,27.340000,27.370001,27.370001,1462
2019-05-06,26.915001,27.084999,26.865000,27.094999,27.094999,36727
2019-05-07,27.000000,27.000000,26.745001,26.770000,26.770000,318
2019-05-08,26.575001,26.600000,26.485001,26.645000,26.645000,1767
2019-05-09,26.360001,26.410000,25.985001,26.014999,26.014999,7295
2019-05-10,26.315001,26.315001,25.975000,26.000000,26.000000,3355
2019-05-13,26.040001,26.040001,25.715000,25.740000,25.740000,3288
2019-05-14,25.885000,25.980000,25.885000,26.049999,26.049999,420
2019-05-15,26.055000,26.084999,25.885000,26.115000,26.115000,8267
2019-05-16,26.215000,26.230000,26.190001,26.375000,26.375000,16136
2019-05-17,26.230000,26.250000,26.100000,26.320000,26.320000,799
2019-05-20,26.215000,26.215000,25.945000,26.004999,26.004999,1750
2019-05-21,26.084999,26.215000,26.030001,26.205000,26.205000,5023
2019-05-22,26.165001,26.170000,26.000000,26.040001,26.040001,273
2019-05-23,25.735001,25.764999,25.735001,25.620001,25.620001,130
2019-05-24,25.795000,25.795000,25.700001,25.684999,25.684999,187
2019-05-27,25.855000,25.855000,25.855000,25.820000,25.820000,24
2019-05-28,25.805000,25.860001,25.745001,25.715000,25.715000,1628
2019-05-29,25.459999,25.520000,25.400000,25.455000,25.455000,7550
2019-05-30,25.570000,25.570000,25.570000,25.530001,25.530001,1892
2019-05-31,25.215000,25.215000,25.100000,25.235001,25.235001,214
2019-06-03,25.100000,25.219999,25.030001,25.200001,25.200001,1544
2019-06-04,25.145000,25.580000,25.145000,25.580000,25.580000,468
2019-06-05,25.639999,25.639999,25.584999,25.570000,25.570000,562
2019-06-06,25.684999,25.730000,25.639999,25.540001,25.540001,614
2019-06-07,25.740000,25.740000,25.680000,25.705000,25.705000,1029
2019-06-10,25.920000,25.975000,25.875000,25.975000,25.975000,1961
2019-06-11,26.120001,26.120001,26.120001,26.070000,26.070000,55
2019-06-12,25.895000,25.900000,25.889999,25.840000,25.840000,275
2019-06-13,25.889999,25.924999,25.879999,25.885000,25.885000,115
2019-06-14,25.870001,25.885000,25.870001,25.865000,25.865000,277
2019-06-17,25.924999,25.924999,25.830000,25.860001,25.860001,810
2019-06-18,25.735001,26.305000,25.735001,26.260000,26.260000,488
2019-06-19,26.290001,26.334999,26.290001,26.320000,26.320000,26998
2019-06-20,26.375000,26.420000,26.295000,26.330000,26.330000,1078
2019-06-21,26.240000,26.260000,26.240000,26.230000,26.230000,119
2019-06-24,26.195000,26.195000,26.040001,26.010000,26.010000,14030
2019-06-25,26.025000,26.065001,26.025000,26.055000,26.055000,35426
2019-06-26,26.065001,26.225000,26.065001,26.115000,26.115000,32004
2019-06-27,26.254999,26.309999,26.245001,26.235001,26.235001,1814
2019-06-28,26.320000,26.360001,26.320000,26.365000,26.365000,628
2019-07-01,26.905001,26.905001,26.770000,26.760000,26.760000,10313
2019-07-02,26.820000,26.850000,26.770000,26.809999,26.809999,2384
2019-07-03,26.934999,27.000000,26.915001,27.004999,27.004999,2464
2019-07-04,27.045000,27.100000,27.020000,27.080000,27.080000,1074
2019-07-05,27.094999,27.100000,27.014999,27.059999,27.059999,1095
2019-07-08,27.004999,27.004999,26.930000,26.985001,26.985001,1007
2019-07-09,26.799999,26.834999,26.770000,26.844999,26.844999,305
2019-07-10,26.850000,26.930000,26.785000,26.855000,26.855000,1337
2019-07-11,26.910000,26.995001,26.860001,26.900000,26.900000,2449
2019-07-12,26.950001,27.030001,26.950001,26.985001,26.985001,10108
2019-07-15,27.020000,27.094999,27.000000,27.070000,27.070000,637
2019-07-16,27.055000,27.129999,27.055000,27.075001,27.075001,585
2019-07-17,27.075001,27.075001,27.075001,27.075001,27.075001,0
2019-07-18,26.705000,26.790001,26.660000,26.764999,26.764999,2647
2019-07-19,26.995001,26.995001,26.940001,26.955000,26.955000,209
2019-07-22,26.980000,26.985001,26.915001,26.920000,26.920000,6346
2019-07-23,27.280001,27.290001,27.230000,27.264999,27.264999,119002
2019-07-24,27.299999,27.375000,27.275000,27.415001,27.415001,931
2019-07-25,27.535000,27.674999,27.190001,27.330000,27.330000,152276
2019-07-26,27.315001,27.375000,27.315001,27.379999,27.379999,577
2019-07-29,27.389999,27.459999,27.315001,27.360001,27.360001,66822
2019-07-30,27.299999,27.299999,26.985001,27.020000,27.020000,714
2019-07-31,26.959999,27.049999,26.959999,27.035000,27.035000,1371
2019-08-01,27.080000,27.150000,27.000000,27.180000,27.180000,2251
2019-08-02,26.440001,26.440001,26.285000,26.344999,26.344999,794
2019-08-05,26.120001,26.120001,25.570000,25.635000,25.635000,1079
2019-08-06,25.559999,25.725000,25.459999,25.485001,25.485001,551
2019-08-07,25.605000,25.605000,25.540001,25.465000,25.465000,176
2019-08-08,25.730000,25.815001,25.730000,25.815001,25.815001,613
2019-08-09,25.805000,25.805000,25.605000,25.504999,25.504999,1229
2019-08-12,25.520000,25.520000,25.410000,25.370001,25.370001,291
2019-08-13,25.330000,25.745001,25.250000,25.635000,25.635000,3778
2019-08-14,25.514999,25.514999,25.160000,25.110001,25.110001,2585
2019-08-16,25.424999,25.514999,25.375000,25.504999,25.504999,332
2019-08-19,25.715000,25.830000,25.715000,25.815001,25.815001,543
2019-08-20,25.820000,25.820000,25.650000,25.639999,25.639999,898
2019-08-21,25.655001,25.844999,25.655001,25.740000,25.740000,1949
2019-08-22,25.709999,25.840000,25.709999,25.715000,25.715000,413
2019-08-23,25.840000,25.875000,25.469999,25.389999,25.389999,3582
2019-08-26,25.495001,25.495001,25.360001,25.445000,25.445000,705
2019-08-27,25.450001,25.555000,25.450001,25.434999,25.434999,5462
2019-08-28,25.365000,25.365000,25.350000,25.504999,25.504999,138
2019-08-29,25.770000,25.770000,25.730000,25.825001,25.825001,213
2019-08-30,25.955000,26.020000,25.955000,25.995001,25.995001,289
2019-09-02,26.135000,26.135000,26.065001,26.049999,26.049999,321
2019-09-03,26.084999,26.125000,25.940001,25.985001,25.985001,2070
2019-09-04,26.200001,26.254999,26.200001,26.254999,26.254999,83
2019-09-05,26.445000,26.660000,26.445000,26.645000,26.645000,7230
2019-09-06,26.700001,26.735001,26.670000,26.719999,26.719999,40606
2019-09-09,26.830000,26.945000,26.830000,26.980000,26.980000,54432
2019-09-10,27.045000,27.235001,27.040001,27.254999,27.254999,1570
2019-09-11,27.570000,27.740000,27.500000,27.700001,27.700001,2493
2019-09-12,27.815001,27.940001,27.635000,27.695000,27.695000,25679
2019-09-13,27.790001,27.895000,27.790001,27.885000,27.885000,7816
2019-09-16,27.725000,27.895000,27.725000,27.875000,27.875000,1221
2019-09-17,27.815001,27.815001,27.575001,27.594999,27.594999,38585
2019-09-18,27.610001,27.625000,27.570000,27.530001,27.530001,595
2019-09-19,27.559999,27.750000,27.559999,27.760000,27.760000,8754
2019-09-20,27.760000,27.875000,27.750000,27.865000,27.865000,3600
2019-09-23,27.610001,27.645000,27.610001,27.605000,27.605000,449
2019-09-24,27.680000,27.680000,27.565001,27.535000,27.535000,10816
2019-09-25,27.405001,27.549999,27.290001,27.580000,27.580000,29443
2019-09-26,27.660000,27.725000,27.535000,27.549999,27.549999,725
2019-09-27,27.639999,27.639999,27.459999,27.580000,27.580000,14515
2019-09-30,27.495001,27.629999,27.480000,27.615000,27.615000,30426
2019-10-01,27.665001,27.825001,27.415001,27.434999,27.434999,26175
2019-10-02,27.215000,27.215000,26.815001,26.775000,26.775000,4103
2019-10-03,26.719999,26.730000,26.475000,26.625000,26.625000,3464
2019-10-04,26.719999,26.834999,26.709999,26.830000,26.830000,479
2019-10-07,26.905001,26.985001,26.825001,27.000000,27.000000,4264
2019-10-08,27.000000,27.000000,26.700001,26.670000,26.670000,404
2019-10-09,26.680000,26.790001,26.680000,26.705000,26.705000,887
2019-10-10,26.680000,26.680000,26.655001,26.965000,26.965000,225
2019-10-11,27.025000,27.434999,27.025000,27.500000,27.500000,7717
2019-10-14,27.350000,27.395000,27.270000,27.355000,27.355000,2046
2019-10-15,27.540001,27.770000,27.525000,27.770000,27.770000,1191
2019-10-16,27.725000,27.815001,27.719999,27.750000,27.750000,136107
2019-10-17,27.684999,27.684999,27.684999,27.555000,27.555000,525
2019-10-18,27.410000,27.495001,27.400000,27.415001,27.415001,4450
2019-10-21,27.495001,27.620001,27.495001,27.690001,27.690001,10978
2019-10-22,27.665001,27.785000,27.650000,27.760000,27.760000,1343
2019-10-23,27.725000,27.825001,27.715000,27.830000,27.830000,13438
2019-10-24,27.934999,27.950001,27.934999,27.900000,27.900000,299
2019-10-25,27.850000,27.850000,27.834999,28.075001,28.075001,30
2019-10-28,28.090000,28.334999,28.070000,28.264999,28.264999,16716
2019-10-29,28.270000,28.290001,28.254999,28.290001,28.290001,1759
2019-10-30,28.205000,28.225000,28.090000,28.094999,28.094999,1894
2019-10-31,27.955000,27.980000,27.855000,27.934999,27.934999,861
2019-11-01,28.030001,28.264999,28.030001,28.174999,28.174999,894
2019-11-04,28.495001,28.580000,28.495001,28.580000,28.580000,1894
2019-11-05,28.650000,28.950001,28.639999,28.900000,28.900000,152146
2019-11-06,28.889999,28.905001,28.799999,28.840000,28.840000,4272
2019-11-07,29.055000,29.135000,29.055000,29.160000,29.160000,7884
2019-11-08,29.090000,29.150000,29.025000,29.080000,29.080000,50885
2019-11-11,28.969999,29.075001,28.945000,29.035000,29.035000,2404
2019-11-12,29.094999,29.320000,29.094999,29.280001,29.280001,4726
2019-11-13,28.975000,29.010000,28.900000,29.025000,29.025000,9751
2019-11-14,28.875000,28.950001,28.875000,28.855000,28.855000,4116
2019-11-15,28.985001,28.985001,28.885000,28.975000,28.975000,4964
2019-11-18,29.010000,29.020000,28.840000,28.865000,28.865000,3460
2019-11-19,29.035000,29.100000,28.795000,28.820000,28.820000,20357
2019-11-20,28.684999,28.735001,28.580000,28.715000,28.715000,3598
2019-11-21,28.549999,28.655001,28.545000,28.655001,28.655001,387
2019-11-22,28.790001,28.799999,28.750000,28.830000,28.830000,3531
2019-11-25,29.049999,29.150000,29.049999,29.165001,29.165001,7520
2019-11-26,29.059999,29.110001,29.004999,29.014999,29.014999,6543
2019-11-27,29.170000,29.174999,29.120001,29.150000,29.150000,4391
2019-11-28,29.125000,29.139999,29.030001,29.080000,29.080000,2772
2019-11-29,28.955000,28.990000,28.945000,28.950001,28.950001,942
2019-12-02,29.055000,29.105000,28.900000,28.570000,28.570000,682
2019-12-03,28.625000,28.625000,28.200001,28.250000,28.250000,2339
2019-12-04,28.590000,28.705000,28.525000,28.670000,28.670000,8006
2019-12-05,28.709999,28.754999,28.600000,28.610001,28.610001,2988
2019-12-06,28.690001,29.045000,28.639999,29.049999,29.049999,1048
2019-12-09,29.025000,29.030001,28.980000,28.995001,28.995001,14975
2019-12-10,28.770000,28.844999,28.650000,28.844999,28.844999,2844
2019-12-11,28.770000,28.915001,28.764999,28.870001,28.870001,1028
2019-12-12,28.820000,29.230000,28.775000,29.084999,29.084999,4169
2019-12-13,29.315001,29.475000,29.160000,29.184999,29.184999,129573
2019-12-16,29.385000,29.570000,29.330000,29.540001,29.540001,96227
2019-12-17,29.405001,29.405001,29.309999,29.299999,29.299999,90852
2019-12-18,29.325001,29.385000,29.325001,29.370001,29.370001,9698
2019-12-19,29.424999,29.459999,29.350000,29.465000,29.465000,10405
2019-12-20,29.415001,29.674999,29.410000,29.639999,29.639999,36221
2019-12-23,29.545000,29.600000,29.540001,29.590000,29.590000,3123
2019-12-27,29.635000,29.639999,29.434999,29.459999,29.459999,10409
2019-12-30,29.379999,29.379999,29.340000,29.205000,29.205000,2031
2020-01-02,29.410000,29.635000,29.410000,29.514999,29.514999,8342
2020-01-03,29.445000,29.445000,29.250000,29.350000,29.350000,6922
2020-01-06,29.139999,29.139999,29.120001,29.240000,29.240000,99
2020-01-07,29.434999,29.510000,29.375000,29.475000,29.475000,5610
2020-01-08,29.350000,29.490000,29.350000,29.500000,29.500000,3963
2020-01-09,29.650000,29.725000,29.635000,29.635000,29.635000,15832
2020-01-10,29.575001,29.670000,29.575001,29.590000,29.590000,2014
2020-01-13,29.559999,29.559999,29.469999,29.450001,29.450001,2662
2020-01-14,29.385000,29.580000,29.385000,29.559999,29.559999,5724
2020-01-15,29.459999,29.504999,29.385000,29.434999,29.434999,2173
2020-01-16,29.434999,29.530001,29.360001,29.504999,29.504999,758
2020-01-17,29.639999,29.740000,29.635000,29.650000,29.650000,8033
2020-01-20,29.650000,29.700001,29.639999,29.680000,29.680000,9624
2020-01-21,29.559999,29.600000,29.514999,29.584999,29.584999,3937
2020-01-22,29.605000,29.639999,29.590000,29.635000,29.635000,5693
2020-01-23,29.610001,29.615000,29.430000,29.545000,29.545000,6832
2020-01-24,29.860001,29.930000,29.680000,29.700001,29.700001,7783
2020-01-27,29.430000,29.430000,29.000000,29.080000,29.080000,40618
2020-01-28,29.084999,29.395000,29.049999,29.330000,29.330000,86452
2020-01-29,29.430000,29.434999,29.299999,29.299999,29.299999,3041
2020-01-30,28.985001,28.990000,28.760000,28.805000,28.805000,3567
2020-01-31,28.870001,28.870001,28.480000,28.450001,28.450001,790
2020-02-03,28.674999,28.674999,28.500000,28.605000,28.605000,9708
2020-02-04,28.820000,29.059999,28.820000,29.094999,29.094999,5582
2020-02-05,29.010000,29.500000,29.010000,29.510000,29.510000,6067
2020-02-06,29.834999,29.855000,29.735001,29.830000,29.830000,12060
2020-02-07,29.815001,29.820000,29.690001,29.750000,29.750000,1017
2020-02-10,29.690001,29.690001,29.549999,29.715000,29.715000,3713
2020-02-11,29.924999,29.995001,29.870001,29.995001,29.995001,309
2020-02-12,30.000000,30.219999,29.995001,30.200001,30.200001,984
2020-02-13,30.000000,30.120001,29.895000,30.145000,30.145000,922
2020-02-14,30.120001,30.160000,29.940001,29.975000,29.975000,6176
2020-02-17,30.040001,30.040001,29.969999,30.014999,30.014999,430
2020-02-18,29.915001,29.915001,29.735001,29.745001,29.745001,4663
2020-02-19,29.870001,29.905001,29.820000,29.905001,29.905001,57610
2020-02-20,29.805000,29.815001,29.665001,29.655001,29.655001,13978
2020-02-21,29.559999,29.605000,29.285000,29.360001,29.360001,189394
2020-02-24,null,null,null,null,null,null
2020-02-25,28.525000,28.525000,28.000000,27.965000,27.965000,5586
2020-02-26,27.820000,28.004999,27.450001,27.985001,27.985001,8042
2020-02-27,27.500000,27.500000,26.575001,26.834999,26.834999,8706
2020-02-28,26.059999,26.180000,25.504999,25.775000,25.775000,108359
2020-03-02,null,null,null,null,null,null
2020-03-03,26.355000,26.540001,26.250000,25.950001,25.950001,37362
2020-03-04,26.040001,26.395000,26.040001,26.299999,26.299999,3348
2020-03-05,26.360001,26.410000,25.834999,26.105000,26.105000,6497
2020-03-06,25.325001,25.330000,24.875000,24.985001,24.985001,15654
2020-03-09,null,null,null,null,null,null
2020-03-10,23.545000,24.030001,22.785000,23.010000,23.010000,23020
2020-03-11,23.424999,23.535000,23.020000,23.094999,23.094999,14868
2020-03-12,22.170000,22.170000,20.520000,20.754999,20.754999,161652
2020-03-13,20.885000,21.760000,20.600000,20.695000,20.695000,19497
2020-03-16,null,null,null,null,null,null
2020-03-17,20.215000,20.674999,19.488001,20.670000,20.670000,24461
2020-03-18,20.110001,20.245001,19.628000,19.910000,19.910000,2757
2020-03-19,20.299999,20.355000,19.858000,20.355000,20.355000,12637
2020-03-20,21.065001,21.240000,20.260000,20.355000,20.355000,19615
2020-03-23,null,null,null,null,null,null
2020-03-24,20.530001,21.195000,20.530001,21.330000,21.330000,6443
2020-03-25,21.934999,22.094999,21.184999,21.764999,21.764999,10554
2020-03-26,21.245001,22.150000,21.245001,22.155001,22.155001,9407
2020-03-27,22.150000,22.174999,21.615000,21.730000,21.730000,28241
2020-03-30,null,null,null,null,null,null
2020-03-31,22.000000,22.150000,21.719999,22.080000,22.080000,998
2020-04-01,21.280001,21.355000,21.160000,21.219999,21.219999,1481
2020-04-02,21.299999,21.459999,21.000000,21.260000,21.260000,14394
2020-04-03,21.500000,21.500000,21.500000,21.094999,21.094999,31
2020-04-06,null,null,null,null,null,null
2020-04-07,22.700001,23.115000,22.575001,22.799999,22.799999,8168
2020-04-08,22.395000,22.395000,22.150000,22.620001,22.620001,5817
2020-04-09,23.000000,23.084999,22.709999,23.075001,23.075001,4318
2020-04-14,23.389999,23.389999,23.045000,23.040001,23.040001,7330
2020-04-15,22.900000,22.900000,22.450001,22.445000,22.445000,6494
2020-04-16,22.570000,22.570000,22.445000,22.540001,22.540001,3331
2020-04-17,22.900000,23.209999,22.830000,22.805000,22.805000,3806
2020-04-20,22.955000,23.075001,22.700001,22.915001,22.915001,1404
2020-04-21,22.594999,22.594999,22.290001,22.070000,22.070000,30665
2020-04-22,22.320000,22.469999,22.305000,22.465000,22.465000,8221
2020-04-23,22.840000,22.950001,22.840000,22.930000,22.930000,1140
2020-04-24,22.655001,22.764999,22.504999,22.620001,22.620001,97214
2020-04-27,23.105000,23.139999,23.090000,23.155001,23.155001,4666
2020-04-28,23.400000,23.754999,23.400000,23.594999,23.594999,7309
2020-04-29,23.795000,24.250000,23.795000,24.305000,24.305000,17954
2020-04-30,24.170000,24.205000,23.650000,23.549999,23.549999,6741
2020-05-04,22.584999,22.620001,22.410000,22.490000,22.490000,2154
2020-05-05,22.990000,23.205000,22.840000,23.230000,23.230000,115937
2020-05-06,23.240000,23.340000,23.075001,23.065001,23.065001,4662
2020-05-07,23.209999,23.230000,23.150000,23.215000,23.215000,3487
2020-05-08,23.434999,23.469999,23.415001,23.500000,23.500000,31341
2020-05-11,23.725000,23.725000,23.504999,23.559999,23.559999,99483
2020-05-12,23.600000,23.600000,23.430000,23.469999,23.469999,475
2020-05-13,23.299999,23.299999,22.844999,22.815001,22.815001,27611
2020-05-14,22.545000,22.545000,22.145000,22.395000,22.395000,7750
2020-05-15,22.844999,22.844999,22.469999,22.545000,22.545000,13796
2020-05-18,23.000000,23.420000,22.955000,23.420000,23.420000,39968
2020-05-19,23.280001,23.280001,23.160000,23.340000,23.340000,10432
2020-05-20,23.080000,23.430000,23.080000,23.475000,23.475000,4264
2020-05-21,23.235001,23.320000,23.235001,23.165001,23.165001,3611
2020-05-22,22.900000,23.209999,22.900000,23.150000,23.150000,290
2020-05-25,23.559999,23.610001,23.379999,23.594999,23.594999,3327
2020-05-26,23.760000,23.924999,23.750000,23.915001,23.915001,2281
2020-05-27,24.174999,24.355000,24.160000,24.190001,24.190001,47135
2020-05-28,24.620001,24.620001,24.415001,24.450001,24.450001,15453
2020-05-29,24.000000,24.000000,23.735001,23.715000,23.715000,24749
2020-06-01,24.049999,24.150000,23.975000,24.080000,24.080000,56466
2020-06-02,24.200001,24.400000,24.165001,24.264999,24.264999,51498
2020-06-03,24.440001,24.764999,24.440001,24.725000,24.725000,33309
2020-06-04,24.565001,24.635000,24.475000,24.530001,24.530001,82642
2020-06-05,24.809999,25.600000,24.809999,25.600000,25.600000,114171
2020-06-08,25.495001,25.760000,25.405001,25.680000,25.680000,56766
2020-06-09,25.799999,25.799999,25.170000,25.264999,25.264999,13185
2020-06-10,25.395000,25.395000,25.000000,25.035000,25.035000,39996
2020-06-11,24.504999,24.504999,23.825001,23.795000,23.795000,20342
2020-06-12,23.920000,24.165001,23.735001,23.840000,23.840000,51615
2020-06-15,23.320000,23.690001,23.295000,23.620001,23.620001,42945
2020-06-16,24.254999,24.695000,24.180000,24.445000,24.445000,89687
2020-06-17,24.600000,24.670000,24.424999,24.480000,24.480000,2503
2020-06-18,24.285000,24.325001,24.270000,24.280001,24.280001,1894
2020-06-19,24.500000,24.500000,24.365000,24.389999,24.389999,6961
2020-06-22,24.184999,24.200001,23.980000,24.010000,24.010000,566
2020-06-23,24.290001,24.379999,24.165001,24.299999,24.299999,5833
2020-06-24,23.889999,23.889999,23.570000,23.565001,23.565001,17856
2020-06-25,23.500000,23.670000,23.285000,23.629999,23.629999,11804
2020-06-26,23.825001,23.825001,23.485001,23.480000,23.480000,3159
2020-06-29,null,null,null,null,null,null
2020-06-30,null,null,null,null,null,null
2020-07-01,null,null,null,null,null,null
2020-07-02,null,null,null,null,null,null
2020-07-03,null,null,null,null,null,null
2020-07-06,null,null,null,null,null,null
2020-07-07,null,null,null,null,null,null
2020-07-08,null,null,null,null,null,null
2020-07-09,23.485001,23.520000,23.160000,23.200001,23.200001,2144
2020-07-10,23.219999,23.530001,23.219999,23.580000,23.580000,38344
2020-07-13,23.985001,23.985001,23.754999,23.850000,23.850000,5741
2020-07-14,23.799999,23.799999,23.490000,23.674999,23.674999,14158
2020-07-15,23.860001,24.145000,23.860001,24.094999,24.094999,9341
2020-07-16,24.049999,24.115000,23.965000,24.125000,24.125000,11312
2020-07-17,24.035000,24.105000,24.010000,24.065001,24.065001,2973
2020-07-20,23.889999,24.014999,23.889999,23.995001,23.995001,580
2020-07-21,24.150000,24.235001,24.059999,24.070000,24.070000,698
2020-07-22,23.924999,23.965000,23.605000,23.745001,23.745001,31529
2020-07-23,23.815001,23.910000,23.809999,23.865000,23.865000,2808
2020-07-24,23.545000,23.545000,23.330000,23.309999,23.309999,9516
2020-07-27,23.299999,23.309999,23.059999,23.100000,23.100000,6250
2020-07-28,23.129999,23.200001,23.080000,23.190001,23.190001,2598
2020-07-29,22.975000,23.035000,22.969999,22.965000,22.965000,862
2020-07-30,22.900000,22.900000,22.400000,22.490000,22.490000,2514
2020-07-31,22.295000,22.389999,22.139999,22.170000,22.170000,10942
2020-08-03,22.350000,22.650000,22.299999,22.645000,22.645000,2102
2020-08-04,22.844999,22.879999,22.750000,22.889999,22.889999,12684
2020-08-05,23.000000,23.035000,22.780001,22.855000,22.855000,19000
2020-08-06,22.844999,22.950001,22.740000,22.764999,22.764999,17643
2020-08-07,22.680000,22.795000,22.680000,22.775000,22.775000,5713
2020-08-10,22.924999,23.150000,22.920000,23.150000,23.150000,48854
2020-08-11,23.520000,23.680000,23.520000,23.625000,23.625000,37425
2020-08-12,23.700001,23.775000,23.695000,23.695000,23.695000,10769
2020-08-13,23.565001,23.565001,23.370001,23.370001,23.370001,25397
2020-08-14,23.225000,23.320000,23.110001,23.330000,23.330000,19988
2020-08-17,23.315001,23.370001,23.250000,23.315001,23.315001,2548
2020-08-18,23.225000,23.299999,23.110001,23.115000,23.115000,5338
2020-08-19,23.105000,23.139999,23.105000,23.219999,23.219999,21853
2020-08-20,23.000000,23.035000,22.924999,22.995001,22.995001,15187
2020-08-21,23.000000,23.065001,22.915001,22.969999,22.969999,2828
2020-08-24,23.075001,23.299999,23.075001,23.299999,23.299999,10545
2020-08-25,23.559999,23.559999,23.254999,23.264999,23.264999,9859
2020-08-26,23.320000,23.340000,23.260000,23.275000,23.275000,8124
2020-08-27,23.254999,23.254999,23.120001,23.250000,23.250000,5218
2020-08-28,23.184999,23.250000,23.184999,23.225000,23.225000,3633
2020-08-31,null,null,null,null,null,null
2020-09-01,23.084999,23.180000,22.889999,22.965000,22.965000,34217
2020-09-02,23.190001,23.344999,23.170000,23.350000,23.350000,19157
2020-09-03,23.559999,23.645000,23.045000,23.125000,23.125000,16453
2020-09-04,23.315001,23.405001,23.000000,23.040001,23.040001,17384
2020-09-07,null,null,null,null,null,null
2020-09-08,23.225000,23.225000,23.000000,23.065001,23.065001,3295
2020-09-09,23.094999,23.190001,23.094999,23.200001,23.200001,346
2020-09-10,23.145000,23.200001,23.120001,23.129999,23.129999,2672
2020-09-11,23.129999,23.129999,23.065001,23.139999,23.139999,5189
2020-09-14,23.295000,23.340000,23.250000,23.340000,23.340000,81678
2020-09-15,23.264999,23.525000,23.254999,23.430000,23.430000,28367
2020-09-16,23.315001,23.475000,23.315001,23.514999,23.514999,12462
2020-09-17,23.285000,23.299999,23.235001,23.385000,23.385000,7739
2020-09-18,23.330000,23.350000,23.225000,23.205000,23.205000,2103
2020-09-21,null,null,null,null,null,null
2020-09-22,null,null,null,null,null,null
2020-09-23,null,null,null,null,null,null
2020-09-24,null,null,null,null,null,null
2020-09-25,null,null,null,null,null,null
2020-09-28,null,null,null,null,null,null
2020-09-29,23.059999,23.084999,22.875000,22.900000,22.900000,8072
2020-09-30,22.730000,22.975000,22.680000,22.895000,22.895000,275
2020-10-01,22.990000,22.990000,22.799999,22.799999,22.799999,1153
2020-10-02,22.690001,22.770000,22.535000,22.799999,22.799999,17964
2020-10-05,null,null,null,null,null,null
2020-10-06,null,null,null,null,null,null
2020-10-07,null,null,null,null,null,null
2020-10-08,null,null,null,null,null,null
2020-10-09,23.610001,23.610001,23.469999,23.465000,23.465000,18097
2020-10-12,null,null,null,null,null,null
2020-10-13,null,null,null,null,null,null
2020-10-14,null,null,null,null,null,null
2020-10-15,null,null,null,null,null,null
2020-10-16,23.240000,23.415001,23.209999,23.415001,23.415001,2147
